[2026-04-30 07:33:16] local.ERROR: View [welcome] not found. {"exception":"[object] (InvalidArgumentException(code: 0): View [welcome] not found. at /home/jnv/Documents/MCA/Sem2/php_laravel/code/prep/exam/vendor/laravel/framework/src/Illuminate/View/FileViewFinder.php:137)
[stacktrace]
#0 /home/jnv/Documents/MCA/Sem2/php_laravel/code/prep/exam/vendor/laravel/framework/src/Illuminate/View/FileViewFinder.php(79): Illuminate\\View\\FileViewFinder->findInPaths()
#1 /home/jnv/Documents/MCA/Sem2/php_laravel/code/prep/exam/vendor/laravel/framework/src/Illuminate/View/Factory.php(137): Illuminate\\View\\FileViewFinder->find()
#2 /home/jnv/Documents/MCA/Sem2/php_laravel/code/prep/exam/vendor/laravel/framework/src/Illuminate/Foundation/helpers.php(1020): Illuminate\\View\\Factory->make()
#3 /home/jnv/Documents/MCA/Sem2/php_laravel/code/prep/exam/routes/web.php(17): view()
#4 /home/jnv/Documents/MCA/Sem2/php_laravel/code/prep/exam/vendor/laravel/framework/src/Illuminate/Routing/CallableDispatcher.php(40): Illuminate\\Routing\\RouteFileRegistrar->{closure}()
#5 /home/jnv/Documents/MCA/Sem2/php_laravel/code/prep/exam/vendor/laravel/framework/src/Illuminate/Routing/Route.php(237): Illuminate\\Routing\\CallableDispatcher->dispatch()
#6 /home/jnv/Documents/MCA/Sem2/php_laravel/code/prep/exam/vendor/laravel/framework/src/Illuminate/Routing/Route.php(208): Illuminate\\Routing\\Route->runCallable()
#7 /home/jnv/Documents/MCA/Sem2/php_laravel/code/prep/exam/vendor/laravel/framework/src/Illuminate/Routing/Router.php(806): Illuminate\\Routing\\Route->run()
#8 /home/jnv/Documents/MCA/Sem2/php_laravel/code/prep/exam/vendor/laravel/framework/src/Illuminate/Pipeline/Pipeline.php(144): Illuminate\\Routing\\Router->Illuminate\\Routing\\{closure}()
#9 /home/jnv/Documents/MCA/Sem2/php_laravel/code/prep/exam/vendor/laravel/framework/src/Illuminate/Routing/Middleware/SubstituteBindings.php(50): Illuminate\\Pipeline\\Pipeline->Illuminate\\Pipeline\\{closure}()
#10 /home/jnv/Documents/MCA/Sem2/php_laravel/code/prep/exam/vendor/laravel/framework/src/Illuminate/Pipeline/Pipeline.php(183): Illuminate\\Routing\\Middleware\\SubstituteBindings->handle()
#11 /home/jnv/Documents/MCA/Sem2/php_laravel/code/prep/exam/vendor/laravel/framework/src/Illuminate/Foundation/Http/Middleware/VerifyCsrfToken.php(78): Illuminate\\Pipeline\\Pipeline->Illuminate\\Pipeline\\{closure}()
#12 /home/jnv/Documents/MCA/Sem2/php_laravel/code/prep/exam/vendor/laravel/framework/src/Illuminate/Pipeline/Pipeline.php(183): Illuminate\\Foundation\\Http\\Middleware\\VerifyCsrfToken->handle()
#13 /home/jnv/Documents/MCA/Sem2/php_laravel/code/prep/exam/vendor/laravel/framework/src/Illuminate/View/Middleware/ShareErrorsFromSession.php(49): Illuminate\\Pipeline\\Pipeline->Illuminate\\Pipeline\\{closure}()
#14 /home/jnv/Documents/MCA/Sem2/php_laravel/code/prep/exam/vendor/laravel/framework/src/Illuminate/Pipeline/Pipeline.php(183): Illuminate\\View\\Middleware\\ShareErrorsFromSession->handle()
#15 /home/jnv/Documents/MCA/Sem2/php_laravel/code/prep/exam/vendor/laravel/framework/src/Illuminate/Session/Middleware/StartSession.php(121): Illuminate\\Pipeline\\Pipeline->Illuminate\\Pipeline\\{closure}()
#16 /home/jnv/Documents/MCA/Sem2/php_laravel/code/prep/exam/vendor/laravel/framework/src/Illuminate/Session/Middleware/StartSession.php(64): Illuminate\\Session\\Middleware\\StartSession->handleStatefulRequest()
#17 /home/jnv/Documents/MCA/Sem2/php_laravel/code/prep/exam/vendor/laravel/framework/src/Illuminate/Pipeline/Pipeline.php(183): Illuminate\\Session\\Middleware\\StartSession->handle()
#18 /home/jnv/Documents/MCA/Sem2/php_laravel/code/prep/exam/vendor/laravel/framework/src/Illuminate/Cookie/Middleware/AddQueuedCookiesToResponse.php(37): Illuminate\\Pipeline\\Pipeline->Illuminate\\Pipeline\\{closure}()
#19 /home/jnv/Documents/MCA/Sem2/php_laravel/code/prep/exam/vendor/laravel/framework/src/Illuminate/Pipeline/Pipeline.php(183): Illuminate\\Cookie\\Middleware\\AddQueuedCookiesToResponse->handle()
#20 /home/jnv/Documents/MCA/Sem2/php_laravel/code/prep/exam/vendor/laravel/framework/src/Illuminate/Cookie/Middleware/EncryptCookies.php(67): Illuminate\\Pipeline\\Pipeline->Illuminate\\Pipeline\\{closure}()
#21 /home/jnv/Documents/MCA/Sem2/php_laravel/code/prep/exam/vendor/laravel/framework/src/Illuminate/Pipeline/Pipeline.php(183): Illuminate\\Cookie\\Middleware\\EncryptCookies->handle()
#22 /home/jnv/Documents/MCA/Sem2/php_laravel/code/prep/exam/vendor/laravel/framework/src/Illuminate/Pipeline/Pipeline.php(119): Illuminate\\Pipeline\\Pipeline->Illuminate\\Pipeline\\{closure}()
#23 /home/jnv/Documents/MCA/Sem2/php_laravel/code/prep/exam/vendor/laravel/framework/src/Illuminate/Routing/Router.php(805): Illuminate\\Pipeline\\Pipeline->then()
#24 /home/jnv/Documents/MCA/Sem2/php_laravel/code/prep/exam/vendor/laravel/framework/src/Illuminate/Routing/Router.php(784): Illuminate\\Routing\\Router->runRouteWithinStack()
#25 /home/jnv/Documents/MCA/Sem2/php_laravel/code/prep/exam/vendor/laravel/framework/src/Illuminate/Routing/Router.php(748): Illuminate\\Routing\\Router->runRoute()
#26 /home/jnv/Documents/MCA/Sem2/php_laravel/code/prep/exam/vendor/laravel/framework/src/Illuminate/Routing/Router.php(737): Illuminate\\Routing\\Router->dispatchToRoute()
#27 /home/jnv/Documents/MCA/Sem2/php_laravel/code/prep/exam/vendor/laravel/framework/src/Illuminate/Foundation/Http/Kernel.php(200): Illuminate\\Routing\\Router->dispatch()
#28 /home/jnv/Documents/MCA/Sem2/php_laravel/code/prep/exam/vendor/laravel/framework/src/Illuminate/Pipeline/Pipeline.php(144): Illuminate\\Foundation\\Http\\Kernel->Illuminate\\Foundation\\Http\\{closure}()
#29 /home/jnv/Documents/MCA/Sem2/php_laravel/code/prep/exam/vendor/laravel/framework/src/Illuminate/Foundation/Http/Middleware/TransformsRequest.php(21): Illuminate\\Pipeline\\Pipeline->Illuminate\\Pipeline\\{closure}()
#30 /home/jnv/Documents/MCA/Sem2/php_laravel/code/prep/exam/vendor/laravel/framework/src/Illuminate/Foundation/Http/Middleware/ConvertEmptyStringsToNull.php(31): Illuminate\\Foundation\\Http\\Middleware\\TransformsRequest->handle()
#31 /home/jnv/Documents/MCA/Sem2/php_laravel/code/prep/exam/vendor/laravel/framework/src/Illuminate/Pipeline/Pipeline.php(183): Illuminate\\Foundation\\Http\\Middleware\\ConvertEmptyStringsToNull->handle()
#32 /home/jnv/Documents/MCA/Sem2/php_laravel/code/prep/exam/vendor/laravel/framework/src/Illuminate/Foundation/Http/Middleware/TransformsRequest.php(21): Illuminate\\Pipeline\\Pipeline->Illuminate\\Pipeline\\{closure}()
#33 /home/jnv/Documents/MCA/Sem2/php_laravel/code/prep/exam/vendor/laravel/framework/src/Illuminate/Foundation/Http/Middleware/TrimStrings.php(40): Illuminate\\Foundation\\Http\\Middleware\\TransformsRequest->handle()
#34 /home/jnv/Documents/MCA/Sem2/php_laravel/code/prep/exam/vendor/laravel/framework/src/Illuminate/Pipeline/Pipeline.php(183): Illuminate\\Foundation\\Http\\Middleware\\TrimStrings->handle()
#35 /home/jnv/Documents/MCA/Sem2/php_laravel/code/prep/exam/vendor/laravel/framework/src/Illuminate/Foundation/Http/Middleware/ValidatePostSize.php(27): Illuminate\\Pipeline\\Pipeline->Illuminate\\Pipeline\\{closure}()
#36 /home/jnv/Documents/MCA/Sem2/php_laravel/code/prep/exam/vendor/laravel/framework/src/Illuminate/Pipeline/Pipeline.php(183): Illuminate\\Foundation\\Http\\Middleware\\ValidatePostSize->handle()
#37 /home/jnv/Documents/MCA/Sem2/php_laravel/code/prep/exam/vendor/laravel/framework/src/Illuminate/Foundation/Http/Middleware/PreventRequestsDuringMaintenance.php(99): Illuminate\\Pipeline\\Pipeline->Illuminate\\Pipeline\\{closure}()
#38 /home/jnv/Documents/MCA/Sem2/php_laravel/code/prep/exam/vendor/laravel/framework/src/Illuminate/Pipeline/Pipeline.php(183): Illuminate\\Foundation\\Http\\Middleware\\PreventRequestsDuringMaintenance->handle()
#39 /home/jnv/Documents/MCA/Sem2/php_laravel/code/prep/exam/vendor/laravel/framework/src/Illuminate/Http/Middleware/HandleCors.php(49): Illuminate\\Pipeline\\Pipeline->Illuminate\\Pipeline\\{closure}()
#40 /home/jnv/Documents/MCA/Sem2/php_laravel/code/prep/exam/vendor/laravel/framework/src/Illuminate/Pipeline/Pipeline.php(183): Illuminate\\Http\\Middleware\\HandleCors->handle()
#41 /home/jnv/Documents/MCA/Sem2/php_laravel/code/prep/exam/vendor/laravel/framework/src/Illuminate/Http/Middleware/TrustProxies.php(39): Illuminate\\Pipeline\\Pipeline->Illuminate\\Pipeline\\{closure}()
#42 /home/jnv/Documents/MCA/Sem2/php_laravel/code/prep/exam/vendor/laravel/framework/src/Illuminate/Pipeline/Pipeline.php(183): Illuminate\\Http\\Middleware\\TrustProxies->handle()
#43 /home/jnv/Documents/MCA/Sem2/php_laravel/code/prep/exam/vendor/laravel/framework/src/Illuminate/Pipeline/Pipeline.php(119): Illuminate\\Pipeline\\Pipeline->Illuminate\\Pipeline\\{closure}()
#44 /home/jnv/Documents/MCA/Sem2/php_laravel/code/prep/exam/vendor/laravel/framework/src/Illuminate/Foundation/Http/Kernel.php(175): Illuminate\\Pipeline\\Pipeline->then()
#45 /home/jnv/Documents/MCA/Sem2/php_laravel/code/prep/exam/vendor/laravel/framework/src/Illuminate/Foundation/Http/Kernel.php(144): Illuminate\\Foundation\\Http\\Kernel->sendRequestThroughRouter()
#46 /home/jnv/Documents/MCA/Sem2/php_laravel/code/prep/exam/public/index.php(51): Illuminate\\Foundation\\Http\\Kernel->handle()
#47 /home/jnv/Documents/MCA/Sem2/php_laravel/code/prep/exam/vendor/laravel/framework/src/Illuminate/Foundation/resources/server.php(16): require_once('...')
#48 {main}
"} 
[2026-04-30 07:33:16] local.ERROR: file_put_contents(C:\xampp\htdocs\Laravel10\storage\framework/sessions/ncWyujIxVKvqtX6qfNGyLuCifIkh6XpphmLuFWU6): Failed to open stream: No such file or directory {"exception":"[object] (ErrorException(code: 0): file_put_contents(C:\\xampp\\htdocs\\Laravel10\\storage\\framework/sessions/ncWyujIxVKvqtX6qfNGyLuCifIkh6XpphmLuFWU6): Failed to open stream: No such file or directory at /home/jnv/Documents/MCA/Sem2/php_laravel/code/prep/exam/vendor/laravel/framework/src/Illuminate/Filesystem/Filesystem.php:204)
[stacktrace]
#0 /home/jnv/Documents/MCA/Sem2/php_laravel/code/prep/exam/vendor/laravel/framework/src/Illuminate/Foundation/Bootstrap/HandleExceptions.php(289): Illuminate\\Foundation\\Bootstrap\\HandleExceptions->handleError()
#1 [internal function]: Illuminate\\Foundation\\Bootstrap\\HandleExceptions->Illuminate\\Foundation\\Bootstrap\\{closure}()
#2 /home/jnv/Documents/MCA/Sem2/php_laravel/code/prep/exam/vendor/laravel/framework/src/Illuminate/Filesystem/Filesystem.php(204): file_put_contents()
#3 /home/jnv/Documents/MCA/Sem2/php_laravel/code/prep/exam/vendor/laravel/framework/src/Illuminate/Session/FileSessionHandler.php(90): Illuminate\\Filesystem\\Filesystem->put()
#4 /home/jnv/Documents/MCA/Sem2/php_laravel/code/prep/exam/vendor/laravel/framework/src/Illuminate/Session/Store.php(172): Illuminate\\Session\\FileSessionHandler->write()
#5 /home/jnv/Documents/MCA/Sem2/php_laravel/code/prep/exam/vendor/laravel/framework/src/Illuminate/Session/Middleware/StartSession.php(245): Illuminate\\Session\\Store->save()
#6 /home/jnv/Documents/MCA/Sem2/php_laravel/code/prep/exam/vendor/laravel/framework/src/Illuminate/Session/Middleware/StartSession.php(130): Illuminate\\Session\\Middleware\\StartSession->saveSession()
#7 /home/jnv/Documents/MCA/Sem2/php_laravel/code/prep/exam/vendor/laravel/framework/src/Illuminate/Session/Middleware/StartSession.php(64): Illuminate\\Session\\Middleware\\StartSession->handleStatefulRequest()
#8 /home/jnv/Documents/MCA/Sem2/php_laravel/code/prep/exam/vendor/laravel/framework/src/Illuminate/Pipeline/Pipeline.php(183): Illuminate\\Session\\Middleware\\StartSession->handle()
#9 /home/jnv/Documents/MCA/Sem2/php_laravel/code/prep/exam/vendor/laravel/framework/src/Illuminate/Cookie/Middleware/AddQueuedCookiesToResponse.php(37): Illuminate\\Pipeline\\Pipeline->Illuminate\\Pipeline\\{closure}()
#10 /home/jnv/Documents/MCA/Sem2/php_laravel/code/prep/exam/vendor/laravel/framework/src/Illuminate/Pipeline/Pipeline.php(183): Illuminate\\Cookie\\Middleware\\AddQueuedCookiesToResponse->handle()
#11 /home/jnv/Documents/MCA/Sem2/php_laravel/code/prep/exam/vendor/laravel/framework/src/Illuminate/Cookie/Middleware/EncryptCookies.php(67): Illuminate\\Pipeline\\Pipeline->Illuminate\\Pipeline\\{closure}()
#12 /home/jnv/Documents/MCA/Sem2/php_laravel/code/prep/exam/vendor/laravel/framework/src/Illuminate/Pipeline/Pipeline.php(183): Illuminate\\Cookie\\Middleware\\EncryptCookies->handle()
#13 /home/jnv/Documents/MCA/Sem2/php_laravel/code/prep/exam/vendor/laravel/framework/src/Illuminate/Pipeline/Pipeline.php(119): Illuminate\\Pipeline\\Pipeline->Illuminate\\Pipeline\\{closure}()
#14 /home/jnv/Documents/MCA/Sem2/php_laravel/code/prep/exam/vendor/laravel/framework/src/Illuminate/Routing/Router.php(805): Illuminate\\Pipeline\\Pipeline->then()
#15 /home/jnv/Documents/MCA/Sem2/php_laravel/code/prep/exam/vendor/laravel/framework/src/Illuminate/Routing/Router.php(784): Illuminate\\Routing\\Router->runRouteWithinStack()
#16 /home/jnv/Documents/MCA/Sem2/php_laravel/code/prep/exam/vendor/laravel/framework/src/Illuminate/Routing/Router.php(748): Illuminate\\Routing\\Router->runRoute()
#17 /home/jnv/Documents/MCA/Sem2/php_laravel/code/prep/exam/vendor/laravel/framework/src/Illuminate/Routing/Router.php(737): Illuminate\\Routing\\Router->dispatchToRoute()
#18 /home/jnv/Documents/MCA/Sem2/php_laravel/code/prep/exam/vendor/laravel/framework/src/Illuminate/Foundation/Http/Kernel.php(200): Illuminate\\Routing\\Router->dispatch()
#19 /home/jnv/Documents/MCA/Sem2/php_laravel/code/prep/exam/vendor/laravel/framework/src/Illuminate/Pipeline/Pipeline.php(144): Illuminate\\Foundation\\Http\\Kernel->Illuminate\\Foundation\\Http\\{closure}()
#20 /home/jnv/Documents/MCA/Sem2/php_laravel/code/prep/exam/vendor/laravel/framework/src/Illuminate/Foundation/Http/Middleware/TransformsRequest.php(21): Illuminate\\Pipeline\\Pipeline->Illuminate\\Pipeline\\{closure}()
#21 /home/jnv/Documents/MCA/Sem2/php_laravel/code/prep/exam/vendor/laravel/framework/src/Illuminate/Foundation/Http/Middleware/ConvertEmptyStringsToNull.php(31): Illuminate\\Foundation\\Http\\Middleware\\TransformsRequest->handle()
#22 /home/jnv/Documents/MCA/Sem2/php_laravel/code/prep/exam/vendor/laravel/framework/src/Illuminate/Pipeline/Pipeline.php(183): Illuminate\\Foundation\\Http\\Middleware\\ConvertEmptyStringsToNull->handle()
#23 /home/jnv/Documents/MCA/Sem2/php_laravel/code/prep/exam/vendor/laravel/framework/src/Illuminate/Foundation/Http/Middleware/TransformsRequest.php(21): Illuminate\\Pipeline\\Pipeline->Illuminate\\Pipeline\\{closure}()
#24 /home/jnv/Documents/MCA/Sem2/php_laravel/code/prep/exam/vendor/laravel/framework/src/Illuminate/Foundation/Http/Middleware/TrimStrings.php(40): Illuminate\\Foundation\\Http\\Middleware\\TransformsRequest->handle()
#25 /home/jnv/Documents/MCA/Sem2/php_laravel/code/prep/exam/vendor/laravel/framework/src/Illuminate/Pipeline/Pipeline.php(183): Illuminate\\Foundation\\Http\\Middleware\\TrimStrings->handle()
#26 /home/jnv/Documents/MCA/Sem2/php_laravel/code/prep/exam/vendor/laravel/framework/src/Illuminate/Foundation/Http/Middleware/ValidatePostSize.php(27): Illuminate\\Pipeline\\Pipeline->Illuminate\\Pipeline\\{closure}()
#27 /home/jnv/Documents/MCA/Sem2/php_laravel/code/prep/exam/vendor/laravel/framework/src/Illuminate/Pipeline/Pipeline.php(183): Illuminate\\Foundation\\Http\\Middleware\\ValidatePostSize->handle()
#28 /home/jnv/Documents/MCA/Sem2/php_laravel/code/prep/exam/vendor/laravel/framework/src/Illuminate/Foundation/Http/Middleware/PreventRequestsDuringMaintenance.php(99): Illuminate\\Pipeline\\Pipeline->Illuminate\\Pipeline\\{closure}()
#29 /home/jnv/Documents/MCA/Sem2/php_laravel/code/prep/exam/vendor/laravel/framework/src/Illuminate/Pipeline/Pipeline.php(183): Illuminate\\Foundation\\Http\\Middleware\\PreventRequestsDuringMaintenance->handle()
#30 /home/jnv/Documents/MCA/Sem2/php_laravel/code/prep/exam/vendor/laravel/framework/src/Illuminate/Http/Middleware/HandleCors.php(49): Illuminate\\Pipeline\\Pipeline->Illuminate\\Pipeline\\{closure}()
#31 /home/jnv/Documents/MCA/Sem2/php_laravel/code/prep/exam/vendor/laravel/framework/src/Illuminate/Pipeline/Pipeline.php(183): Illuminate\\Http\\Middleware\\HandleCors->handle()
#32 /home/jnv/Documents/MCA/Sem2/php_laravel/code/prep/exam/vendor/laravel/framework/src/Illuminate/Http/Middleware/TrustProxies.php(39): Illuminate\\Pipeline\\Pipeline->Illuminate\\Pipeline\\{closure}()
#33 /home/jnv/Documents/MCA/Sem2/php_laravel/code/prep/exam/vendor/laravel/framework/src/Illuminate/Pipeline/Pipeline.php(183): Illuminate\\Http\\Middleware\\TrustProxies->handle()
#34 /home/jnv/Documents/MCA/Sem2/php_laravel/code/prep/exam/vendor/laravel/framework/src/Illuminate/Pipeline/Pipeline.php(119): Illuminate\\Pipeline\\Pipeline->Illuminate\\Pipeline\\{closure}()
#35 /home/jnv/Documents/MCA/Sem2/php_laravel/code/prep/exam/vendor/laravel/framework/src/Illuminate/Foundation/Http/Kernel.php(175): Illuminate\\Pipeline\\Pipeline->then()
#36 /home/jnv/Documents/MCA/Sem2/php_laravel/code/prep/exam/vendor/laravel/framework/src/Illuminate/Foundation/Http/Kernel.php(144): Illuminate\\Foundation\\Http\\Kernel->sendRequestThroughRouter()
#37 /home/jnv/Documents/MCA/Sem2/php_laravel/code/prep/exam/public/index.php(51): Illuminate\\Foundation\\Http\\Kernel->handle()
#38 /home/jnv/Documents/MCA/Sem2/php_laravel/code/prep/exam/vendor/laravel/framework/src/Illuminate/Foundation/resources/server.php(16): require_once('...')
#39 {main}
"} 
[2026-04-30 07:33:39] local.ERROR: View [welcome] not found. {"exception":"[object] (InvalidArgumentException(code: 0): View [welcome] not found. at /home/jnv/Documents/MCA/Sem2/php_laravel/code/prep/exam/vendor/laravel/framework/src/Illuminate/View/FileViewFinder.php:137)
[stacktrace]
#0 /home/jnv/Documents/MCA/Sem2/php_laravel/code/prep/exam/vendor/laravel/framework/src/Illuminate/View/FileViewFinder.php(79): Illuminate\\View\\FileViewFinder->findInPaths()
#1 /home/jnv/Documents/MCA/Sem2/php_laravel/code/prep/exam/vendor/laravel/framework/src/Illuminate/View/Factory.php(137): Illuminate\\View\\FileViewFinder->find()
#2 /home/jnv/Documents/MCA/Sem2/php_laravel/code/prep/exam/vendor/laravel/framework/src/Illuminate/Foundation/helpers.php(1020): Illuminate\\View\\Factory->make()
#3 /home/jnv/Documents/MCA/Sem2/php_laravel/code/prep/exam/routes/web.php(17): view()
#4 /home/jnv/Documents/MCA/Sem2/php_laravel/code/prep/exam/vendor/laravel/framework/src/Illuminate/Routing/CallableDispatcher.php(40): Illuminate\\Routing\\RouteFileRegistrar->{closure}()
#5 /home/jnv/Documents/MCA/Sem2/php_laravel/code/prep/exam/vendor/laravel/framework/src/Illuminate/Routing/Route.php(237): Illuminate\\Routing\\CallableDispatcher->dispatch()
#6 /home/jnv/Documents/MCA/Sem2/php_laravel/code/prep/exam/vendor/laravel/framework/src/Illuminate/Routing/Route.php(208): Illuminate\\Routing\\Route->runCallable()
#7 /home/jnv/Documents/MCA/Sem2/php_laravel/code/prep/exam/vendor/laravel/framework/src/Illuminate/Routing/Router.php(806): Illuminate\\Routing\\Route->run()
#8 /home/jnv/Documents/MCA/Sem2/php_laravel/code/prep/exam/vendor/laravel/framework/src/Illuminate/Pipeline/Pipeline.php(144): Illuminate\\Routing\\Router->Illuminate\\Routing\\{closure}()
#9 /home/jnv/Documents/MCA/Sem2/php_laravel/code/prep/exam/vendor/laravel/framework/src/Illuminate/Routing/Middleware/SubstituteBindings.php(50): Illuminate\\Pipeline\\Pipeline->Illuminate\\Pipeline\\{closure}()
#10 /home/jnv/Documents/MCA/Sem2/php_laravel/code/prep/exam/vendor/laravel/framework/src/Illuminate/Pipeline/Pipeline.php(183): Illuminate\\Routing\\Middleware\\SubstituteBindings->handle()
#11 /home/jnv/Documents/MCA/Sem2/php_laravel/code/prep/exam/vendor/laravel/framework/src/Illuminate/Foundation/Http/Middleware/VerifyCsrfToken.php(78): Illuminate\\Pipeline\\Pipeline->Illuminate\\Pipeline\\{closure}()
#12 /home/jnv/Documents/MCA/Sem2/php_laravel/code/prep/exam/vendor/laravel/framework/src/Illuminate/Pipeline/Pipeline.php(183): Illuminate\\Foundation\\Http\\Middleware\\VerifyCsrfToken->handle()
#13 /home/jnv/Documents/MCA/Sem2/php_laravel/code/prep/exam/vendor/laravel/framework/src/Illuminate/View/Middleware/ShareErrorsFromSession.php(49): Illuminate\\Pipeline\\Pipeline->Illuminate\\Pipeline\\{closure}()
#14 /home/jnv/Documents/MCA/Sem2/php_laravel/code/prep/exam/vendor/laravel/framework/src/Illuminate/Pipeline/Pipeline.php(183): Illuminate\\View\\Middleware\\ShareErrorsFromSession->handle()
#15 /home/jnv/Documents/MCA/Sem2/php_laravel/code/prep/exam/vendor/laravel/framework/src/Illuminate/Session/Middleware/StartSession.php(121): Illuminate\\Pipeline\\Pipeline->Illuminate\\Pipeline\\{closure}()
#16 /home/jnv/Documents/MCA/Sem2/php_laravel/code/prep/exam/vendor/laravel/framework/src/Illuminate/Session/Middleware/StartSession.php(64): Illuminate\\Session\\Middleware\\StartSession->handleStatefulRequest()
#17 /home/jnv/Documents/MCA/Sem2/php_laravel/code/prep/exam/vendor/laravel/framework/src/Illuminate/Pipeline/Pipeline.php(183): Illuminate\\Session\\Middleware\\StartSession->handle()
#18 /home/jnv/Documents/MCA/Sem2/php_laravel/code/prep/exam/vendor/laravel/framework/src/Illuminate/Cookie/Middleware/AddQueuedCookiesToResponse.php(37): Illuminate\\Pipeline\\Pipeline->Illuminate\\Pipeline\\{closure}()
#19 /home/jnv/Documents/MCA/Sem2/php_laravel/code/prep/exam/vendor/laravel/framework/src/Illuminate/Pipeline/Pipeline.php(183): Illuminate\\Cookie\\Middleware\\AddQueuedCookiesToResponse->handle()
#20 /home/jnv/Documents/MCA/Sem2/php_laravel/code/prep/exam/vendor/laravel/framework/src/Illuminate/Cookie/Middleware/EncryptCookies.php(67): Illuminate\\Pipeline\\Pipeline->Illuminate\\Pipeline\\{closure}()
#21 /home/jnv/Documents/MCA/Sem2/php_laravel/code/prep/exam/vendor/laravel/framework/src/Illuminate/Pipeline/Pipeline.php(183): Illuminate\\Cookie\\Middleware\\EncryptCookies->handle()
#22 /home/jnv/Documents/MCA/Sem2/php_laravel/code/prep/exam/vendor/laravel/framework/src/Illuminate/Pipeline/Pipeline.php(119): Illuminate\\Pipeline\\Pipeline->Illuminate\\Pipeline\\{closure}()
#23 /home/jnv/Documents/MCA/Sem2/php_laravel/code/prep/exam/vendor/laravel/framework/src/Illuminate/Routing/Router.php(805): Illuminate\\Pipeline\\Pipeline->then()
#24 /home/jnv/Documents/MCA/Sem2/php_laravel/code/prep/exam/vendor/laravel/framework/src/Illuminate/Routing/Router.php(784): Illuminate\\Routing\\Router->runRouteWithinStack()
#25 /home/jnv/Documents/MCA/Sem2/php_laravel/code/prep/exam/vendor/laravel/framework/src/Illuminate/Routing/Router.php(748): Illuminate\\Routing\\Router->runRoute()
#26 /home/jnv/Documents/MCA/Sem2/php_laravel/code/prep/exam/vendor/laravel/framework/src/Illuminate/Routing/Router.php(737): Illuminate\\Routing\\Router->dispatchToRoute()
#27 /home/jnv/Documents/MCA/Sem2/php_laravel/code/prep/exam/vendor/laravel/framework/src/Illuminate/Foundation/Http/Kernel.php(200): Illuminate\\Routing\\Router->dispatch()
#28 /home/jnv/Documents/MCA/Sem2/php_laravel/code/prep/exam/vendor/laravel/framework/src/Illuminate/Pipeline/Pipeline.php(144): Illuminate\\Foundation\\Http\\Kernel->Illuminate\\Foundation\\Http\\{closure}()
#29 /home/jnv/Documents/MCA/Sem2/php_laravel/code/prep/exam/vendor/laravel/framework/src/Illuminate/Foundation/Http/Middleware/TransformsRequest.php(21): Illuminate\\Pipeline\\Pipeline->Illuminate\\Pipeline\\{closure}()
#30 /home/jnv/Documents/MCA/Sem2/php_laravel/code/prep/exam/vendor/laravel/framework/src/Illuminate/Foundation/Http/Middleware/ConvertEmptyStringsToNull.php(31): Illuminate\\Foundation\\Http\\Middleware\\TransformsRequest->handle()
#31 /home/jnv/Documents/MCA/Sem2/php_laravel/code/prep/exam/vendor/laravel/framework/src/Illuminate/Pipeline/Pipeline.php(183): Illuminate\\Foundation\\Http\\Middleware\\ConvertEmptyStringsToNull->handle()
#32 /home/jnv/Documents/MCA/Sem2/php_laravel/code/prep/exam/vendor/laravel/framework/src/Illuminate/Foundation/Http/Middleware/TransformsRequest.php(21): Illuminate\\Pipeline\\Pipeline->Illuminate\\Pipeline\\{closure}()
#33 /home/jnv/Documents/MCA/Sem2/php_laravel/code/prep/exam/vendor/laravel/framework/src/Illuminate/Foundation/Http/Middleware/TrimStrings.php(40): Illuminate\\Foundation\\Http\\Middleware\\TransformsRequest->handle()
#34 /home/jnv/Documents/MCA/Sem2/php_laravel/code/prep/exam/vendor/laravel/framework/src/Illuminate/Pipeline/Pipeline.php(183): Illuminate\\Foundation\\Http\\Middleware\\TrimStrings->handle()
#35 /home/jnv/Documents/MCA/Sem2/php_laravel/code/prep/exam/vendor/laravel/framework/src/Illuminate/Foundation/Http/Middleware/ValidatePostSize.php(27): Illuminate\\Pipeline\\Pipeline->Illuminate\\Pipeline\\{closure}()
#36 /home/jnv/Documents/MCA/Sem2/php_laravel/code/prep/exam/vendor/laravel/framework/src/Illuminate/Pipeline/Pipeline.php(183): Illuminate\\Foundation\\Http\\Middleware\\ValidatePostSize->handle()
#37 /home/jnv/Documents/MCA/Sem2/php_laravel/code/prep/exam/vendor/laravel/framework/src/Illuminate/Foundation/Http/Middleware/PreventRequestsDuringMaintenance.php(99): Illuminate\\Pipeline\\Pipeline->Illuminate\\Pipeline\\{closure}()
#38 /home/jnv/Documents/MCA/Sem2/php_laravel/code/prep/exam/vendor/laravel/framework/src/Illuminate/Pipeline/Pipeline.php(183): Illuminate\\Foundation\\Http\\Middleware\\PreventRequestsDuringMaintenance->handle()
#39 /home/jnv/Documents/MCA/Sem2/php_laravel/code/prep/exam/vendor/laravel/framework/src/Illuminate/Http/Middleware/HandleCors.php(49): Illuminate\\Pipeline\\Pipeline->Illuminate\\Pipeline\\{closure}()
#40 /home/jnv/Documents/MCA/Sem2/php_laravel/code/prep/exam/vendor/laravel/framework/src/Illuminate/Pipeline/Pipeline.php(183): Illuminate\\Http\\Middleware\\HandleCors->handle()
#41 /home/jnv/Documents/MCA/Sem2/php_laravel/code/prep/exam/vendor/laravel/framework/src/Illuminate/Http/Middleware/TrustProxies.php(39): Illuminate\\Pipeline\\Pipeline->Illuminate\\Pipeline\\{closure}()
#42 /home/jnv/Documents/MCA/Sem2/php_laravel/code/prep/exam/vendor/laravel/framework/src/Illuminate/Pipeline/Pipeline.php(183): Illuminate\\Http\\Middleware\\TrustProxies->handle()
#43 /home/jnv/Documents/MCA/Sem2/php_laravel/code/prep/exam/vendor/laravel/framework/src/Illuminate/Pipeline/Pipeline.php(119): Illuminate\\Pipeline\\Pipeline->Illuminate\\Pipeline\\{closure}()
#44 /home/jnv/Documents/MCA/Sem2/php_laravel/code/prep/exam/vendor/laravel/framework/src/Illuminate/Foundation/Http/Kernel.php(175): Illuminate\\Pipeline\\Pipeline->then()
#45 /home/jnv/Documents/MCA/Sem2/php_laravel/code/prep/exam/vendor/laravel/framework/src/Illuminate/Foundation/Http/Kernel.php(144): Illuminate\\Foundation\\Http\\Kernel->sendRequestThroughRouter()
#46 /home/jnv/Documents/MCA/Sem2/php_laravel/code/prep/exam/public/index.php(51): Illuminate\\Foundation\\Http\\Kernel->handle()
#47 /home/jnv/Documents/MCA/Sem2/php_laravel/code/prep/exam/vendor/laravel/framework/src/Illuminate/Foundation/resources/server.php(16): require_once('...')
#48 {main}
"} 
[2026-04-30 07:33:39] local.ERROR: file_put_contents(C:\xampp\htdocs\Laravel10\storage\framework/sessions/XDg0R3j36wgKPjUKHEjN2ST51TDrsAOQwoL0xdKL): Failed to open stream: No such file or directory {"exception":"[object] (ErrorException(code: 0): file_put_contents(C:\\xampp\\htdocs\\Laravel10\\storage\\framework/sessions/XDg0R3j36wgKPjUKHEjN2ST51TDrsAOQwoL0xdKL): Failed to open stream: No such file or directory at /home/jnv/Documents/MCA/Sem2/php_laravel/code/prep/exam/vendor/laravel/framework/src/Illuminate/Filesystem/Filesystem.php:204)
[stacktrace]
#0 /home/jnv/Documents/MCA/Sem2/php_laravel/code/prep/exam/vendor/laravel/framework/src/Illuminate/Foundation/Bootstrap/HandleExceptions.php(289): Illuminate\\Foundation\\Bootstrap\\HandleExceptions->handleError()
#1 [internal function]: Illuminate\\Foundation\\Bootstrap\\HandleExceptions->Illuminate\\Foundation\\Bootstrap\\{closure}()
#2 /home/jnv/Documents/MCA/Sem2/php_laravel/code/prep/exam/vendor/laravel/framework/src/Illuminate/Filesystem/Filesystem.php(204): file_put_contents()
#3 /home/jnv/Documents/MCA/Sem2/php_laravel/code/prep/exam/vendor/laravel/framework/src/Illuminate/Session/FileSessionHandler.php(90): Illuminate\\Filesystem\\Filesystem->put()
#4 /home/jnv/Documents/MCA/Sem2/php_laravel/code/prep/exam/vendor/laravel/framework/src/Illuminate/Session/Store.php(172): Illuminate\\Session\\FileSessionHandler->write()
#5 /home/jnv/Documents/MCA/Sem2/php_laravel/code/prep/exam/vendor/laravel/framework/src/Illuminate/Session/Middleware/StartSession.php(245): Illuminate\\Session\\Store->save()
#6 /home/jnv/Documents/MCA/Sem2/php_laravel/code/prep/exam/vendor/laravel/framework/src/Illuminate/Session/Middleware/StartSession.php(130): Illuminate\\Session\\Middleware\\StartSession->saveSession()
#7 /home/jnv/Documents/MCA/Sem2/php_laravel/code/prep/exam/vendor/laravel/framework/src/Illuminate/Session/Middleware/StartSession.php(64): Illuminate\\Session\\Middleware\\StartSession->handleStatefulRequest()
#8 /home/jnv/Documents/MCA/Sem2/php_laravel/code/prep/exam/vendor/laravel/framework/src/Illuminate/Pipeline/Pipeline.php(183): Illuminate\\Session\\Middleware\\StartSession->handle()
#9 /home/jnv/Documents/MCA/Sem2/php_laravel/code/prep/exam/vendor/laravel/framework/src/Illuminate/Cookie/Middleware/AddQueuedCookiesToResponse.php(37): Illuminate\\Pipeline\\Pipeline->Illuminate\\Pipeline\\{closure}()
#10 /home/jnv/Documents/MCA/Sem2/php_laravel/code/prep/exam/vendor/laravel/framework/src/Illuminate/Pipeline/Pipeline.php(183): Illuminate\\Cookie\\Middleware\\AddQueuedCookiesToResponse->handle()
#11 /home/jnv/Documents/MCA/Sem2/php_laravel/code/prep/exam/vendor/laravel/framework/src/Illuminate/Cookie/Middleware/EncryptCookies.php(67): Illuminate\\Pipeline\\Pipeline->Illuminate\\Pipeline\\{closure}()
#12 /home/jnv/Documents/MCA/Sem2/php_laravel/code/prep/exam/vendor/laravel/framework/src/Illuminate/Pipeline/Pipeline.php(183): Illuminate\\Cookie\\Middleware\\EncryptCookies->handle()
#13 /home/jnv/Documents/MCA/Sem2/php_laravel/code/prep/exam/vendor/laravel/framework/src/Illuminate/Pipeline/Pipeline.php(119): Illuminate\\Pipeline\\Pipeline->Illuminate\\Pipeline\\{closure}()
#14 /home/jnv/Documents/MCA/Sem2/php_laravel/code/prep/exam/vendor/laravel/framework/src/Illuminate/Routing/Router.php(805): Illuminate\\Pipeline\\Pipeline->then()
#15 /home/jnv/Documents/MCA/Sem2/php_laravel/code/prep/exam/vendor/laravel/framework/src/Illuminate/Routing/Router.php(784): Illuminate\\Routing\\Router->runRouteWithinStack()
#16 /home/jnv/Documents/MCA/Sem2/php_laravel/code/prep/exam/vendor/laravel/framework/src/Illuminate/Routing/Router.php(748): Illuminate\\Routing\\Router->runRoute()
#17 /home/jnv/Documents/MCA/Sem2/php_laravel/code/prep/exam/vendor/laravel/framework/src/Illuminate/Routing/Router.php(737): Illuminate\\Routing\\Router->dispatchToRoute()
#18 /home/jnv/Documents/MCA/Sem2/php_laravel/code/prep/exam/vendor/laravel/framework/src/Illuminate/Foundation/Http/Kernel.php(200): Illuminate\\Routing\\Router->dispatch()
#19 /home/jnv/Documents/MCA/Sem2/php_laravel/code/prep/exam/vendor/laravel/framework/src/Illuminate/Pipeline/Pipeline.php(144): Illuminate\\Foundation\\Http\\Kernel->Illuminate\\Foundation\\Http\\{closure}()
#20 /home/jnv/Documents/MCA/Sem2/php_laravel/code/prep/exam/vendor/laravel/framework/src/Illuminate/Foundation/Http/Middleware/TransformsRequest.php(21): Illuminate\\Pipeline\\Pipeline->Illuminate\\Pipeline\\{closure}()
#21 /home/jnv/Documents/MCA/Sem2/php_laravel/code/prep/exam/vendor/laravel/framework/src/Illuminate/Foundation/Http/Middleware/ConvertEmptyStringsToNull.php(31): Illuminate\\Foundation\\Http\\Middleware\\TransformsRequest->handle()
#22 /home/jnv/Documents/MCA/Sem2/php_laravel/code/prep/exam/vendor/laravel/framework/src/Illuminate/Pipeline/Pipeline.php(183): Illuminate\\Foundation\\Http\\Middleware\\ConvertEmptyStringsToNull->handle()
#23 /home/jnv/Documents/MCA/Sem2/php_laravel/code/prep/exam/vendor/laravel/framework/src/Illuminate/Foundation/Http/Middleware/TransformsRequest.php(21): Illuminate\\Pipeline\\Pipeline->Illuminate\\Pipeline\\{closure}()
#24 /home/jnv/Documents/MCA/Sem2/php_laravel/code/prep/exam/vendor/laravel/framework/src/Illuminate/Foundation/Http/Middleware/TrimStrings.php(40): Illuminate\\Foundation\\Http\\Middleware\\TransformsRequest->handle()
#25 /home/jnv/Documents/MCA/Sem2/php_laravel/code/prep/exam/vendor/laravel/framework/src/Illuminate/Pipeline/Pipeline.php(183): Illuminate\\Foundation\\Http\\Middleware\\TrimStrings->handle()
#26 /home/jnv/Documents/MCA/Sem2/php_laravel/code/prep/exam/vendor/laravel/framework/src/Illuminate/Foundation/Http/Middleware/ValidatePostSize.php(27): Illuminate\\Pipeline\\Pipeline->Illuminate\\Pipeline\\{closure}()
#27 /home/jnv/Documents/MCA/Sem2/php_laravel/code/prep/exam/vendor/laravel/framework/src/Illuminate/Pipeline/Pipeline.php(183): Illuminate\\Foundation\\Http\\Middleware\\ValidatePostSize->handle()
#28 /home/jnv/Documents/MCA/Sem2/php_laravel/code/prep/exam/vendor/laravel/framework/src/Illuminate/Foundation/Http/Middleware/PreventRequestsDuringMaintenance.php(99): Illuminate\\Pipeline\\Pipeline->Illuminate\\Pipeline\\{closure}()
#29 /home/jnv/Documents/MCA/Sem2/php_laravel/code/prep/exam/vendor/laravel/framework/src/Illuminate/Pipeline/Pipeline.php(183): Illuminate\\Foundation\\Http\\Middleware\\PreventRequestsDuringMaintenance->handle()
#30 /home/jnv/Documents/MCA/Sem2/php_laravel/code/prep/exam/vendor/laravel/framework/src/Illuminate/Http/Middleware/HandleCors.php(49): Illuminate\\Pipeline\\Pipeline->Illuminate\\Pipeline\\{closure}()
#31 /home/jnv/Documents/MCA/Sem2/php_laravel/code/prep/exam/vendor/laravel/framework/src/Illuminate/Pipeline/Pipeline.php(183): Illuminate\\Http\\Middleware\\HandleCors->handle()
#32 /home/jnv/Documents/MCA/Sem2/php_laravel/code/prep/exam/vendor/laravel/framework/src/Illuminate/Http/Middleware/TrustProxies.php(39): Illuminate\\Pipeline\\Pipeline->Illuminate\\Pipeline\\{closure}()
#33 /home/jnv/Documents/MCA/Sem2/php_laravel/code/prep/exam/vendor/laravel/framework/src/Illuminate/Pipeline/Pipeline.php(183): Illuminate\\Http\\Middleware\\TrustProxies->handle()
#34 /home/jnv/Documents/MCA/Sem2/php_laravel/code/prep/exam/vendor/laravel/framework/src/Illuminate/Pipeline/Pipeline.php(119): Illuminate\\Pipeline\\Pipeline->Illuminate\\Pipeline\\{closure}()
#35 /home/jnv/Documents/MCA/Sem2/php_laravel/code/prep/exam/vendor/laravel/framework/src/Illuminate/Foundation/Http/Kernel.php(175): Illuminate\\Pipeline\\Pipeline->then()
#36 /home/jnv/Documents/MCA/Sem2/php_laravel/code/prep/exam/vendor/laravel/framework/src/Illuminate/Foundation/Http/Kernel.php(144): Illuminate\\Foundation\\Http\\Kernel->sendRequestThroughRouter()
#37 /home/jnv/Documents/MCA/Sem2/php_laravel/code/prep/exam/public/index.php(51): Illuminate\\Foundation\\Http\\Kernel->handle()
#38 /home/jnv/Documents/MCA/Sem2/php_laravel/code/prep/exam/vendor/laravel/framework/src/Illuminate/Foundation/resources/server.php(16): require_once('...')
#39 {main}
"} 
[2026-04-30 07:33:57] local.ERROR: View [welcome] not found. {"exception":"[object] (InvalidArgumentException(code: 0): View [welcome] not found. at /home/jnv/Documents/MCA/Sem2/php_laravel/code/prep/exam/vendor/laravel/framework/src/Illuminate/View/FileViewFinder.php:137)
[stacktrace]
#0 /home/jnv/Documents/MCA/Sem2/php_laravel/code/prep/exam/vendor/laravel/framework/src/Illuminate/View/FileViewFinder.php(79): Illuminate\\View\\FileViewFinder->findInPaths()
#1 /home/jnv/Documents/MCA/Sem2/php_laravel/code/prep/exam/vendor/laravel/framework/src/Illuminate/View/Factory.php(137): Illuminate\\View\\FileViewFinder->find()
#2 /home/jnv/Documents/MCA/Sem2/php_laravel/code/prep/exam/vendor/laravel/framework/src/Illuminate/Foundation/helpers.php(1020): Illuminate\\View\\Factory->make()
#3 /home/jnv/Documents/MCA/Sem2/php_laravel/code/prep/exam/routes/web.php(17): view()
#4 /home/jnv/Documents/MCA/Sem2/php_laravel/code/prep/exam/vendor/laravel/framework/src/Illuminate/Routing/CallableDispatcher.php(40): Illuminate\\Routing\\RouteFileRegistrar->{closure}()
#5 /home/jnv/Documents/MCA/Sem2/php_laravel/code/prep/exam/vendor/laravel/framework/src/Illuminate/Routing/Route.php(237): Illuminate\\Routing\\CallableDispatcher->dispatch()
#6 /home/jnv/Documents/MCA/Sem2/php_laravel/code/prep/exam/vendor/laravel/framework/src/Illuminate/Routing/Route.php(208): Illuminate\\Routing\\Route->runCallable()
#7 /home/jnv/Documents/MCA/Sem2/php_laravel/code/prep/exam/vendor/laravel/framework/src/Illuminate/Routing/Router.php(806): Illuminate\\Routing\\Route->run()
#8 /home/jnv/Documents/MCA/Sem2/php_laravel/code/prep/exam/vendor/laravel/framework/src/Illuminate/Pipeline/Pipeline.php(144): Illuminate\\Routing\\Router->Illuminate\\Routing\\{closure}()
#9 /home/jnv/Documents/MCA/Sem2/php_laravel/code/prep/exam/vendor/laravel/framework/src/Illuminate/Routing/Middleware/SubstituteBindings.php(50): Illuminate\\Pipeline\\Pipeline->Illuminate\\Pipeline\\{closure}()
#10 /home/jnv/Documents/MCA/Sem2/php_laravel/code/prep/exam/vendor/laravel/framework/src/Illuminate/Pipeline/Pipeline.php(183): Illuminate\\Routing\\Middleware\\SubstituteBindings->handle()
#11 /home/jnv/Documents/MCA/Sem2/php_laravel/code/prep/exam/vendor/laravel/framework/src/Illuminate/Foundation/Http/Middleware/VerifyCsrfToken.php(78): Illuminate\\Pipeline\\Pipeline->Illuminate\\Pipeline\\{closure}()
#12 /home/jnv/Documents/MCA/Sem2/php_laravel/code/prep/exam/vendor/laravel/framework/src/Illuminate/Pipeline/Pipeline.php(183): Illuminate\\Foundation\\Http\\Middleware\\VerifyCsrfToken->handle()
#13 /home/jnv/Documents/MCA/Sem2/php_laravel/code/prep/exam/vendor/laravel/framework/src/Illuminate/View/Middleware/ShareErrorsFromSession.php(49): Illuminate\\Pipeline\\Pipeline->Illuminate\\Pipeline\\{closure}()
#14 /home/jnv/Documents/MCA/Sem2/php_laravel/code/prep/exam/vendor/laravel/framework/src/Illuminate/Pipeline/Pipeline.php(183): Illuminate\\View\\Middleware\\ShareErrorsFromSession->handle()
#15 /home/jnv/Documents/MCA/Sem2/php_laravel/code/prep/exam/vendor/laravel/framework/src/Illuminate/Session/Middleware/StartSession.php(121): Illuminate\\Pipeline\\Pipeline->Illuminate\\Pipeline\\{closure}()
#16 /home/jnv/Documents/MCA/Sem2/php_laravel/code/prep/exam/vendor/laravel/framework/src/Illuminate/Session/Middleware/StartSession.php(64): Illuminate\\Session\\Middleware\\StartSession->handleStatefulRequest()
#17 /home/jnv/Documents/MCA/Sem2/php_laravel/code/prep/exam/vendor/laravel/framework/src/Illuminate/Pipeline/Pipeline.php(183): Illuminate\\Session\\Middleware\\StartSession->handle()
#18 /home/jnv/Documents/MCA/Sem2/php_laravel/code/prep/exam/vendor/laravel/framework/src/Illuminate/Cookie/Middleware/AddQueuedCookiesToResponse.php(37): Illuminate\\Pipeline\\Pipeline->Illuminate\\Pipeline\\{closure}()
#19 /home/jnv/Documents/MCA/Sem2/php_laravel/code/prep/exam/vendor/laravel/framework/src/Illuminate/Pipeline/Pipeline.php(183): Illuminate\\Cookie\\Middleware\\AddQueuedCookiesToResponse->handle()
#20 /home/jnv/Documents/MCA/Sem2/php_laravel/code/prep/exam/vendor/laravel/framework/src/Illuminate/Cookie/Middleware/EncryptCookies.php(67): Illuminate\\Pipeline\\Pipeline->Illuminate\\Pipeline\\{closure}()
#21 /home/jnv/Documents/MCA/Sem2/php_laravel/code/prep/exam/vendor/laravel/framework/src/Illuminate/Pipeline/Pipeline.php(183): Illuminate\\Cookie\\Middleware\\EncryptCookies->handle()
#22 /home/jnv/Documents/MCA/Sem2/php_laravel/code/prep/exam/vendor/laravel/framework/src/Illuminate/Pipeline/Pipeline.php(119): Illuminate\\Pipeline\\Pipeline->Illuminate\\Pipeline\\{closure}()
#23 /home/jnv/Documents/MCA/Sem2/php_laravel/code/prep/exam/vendor/laravel/framework/src/Illuminate/Routing/Router.php(805): Illuminate\\Pipeline\\Pipeline->then()
#24 /home/jnv/Documents/MCA/Sem2/php_laravel/code/prep/exam/vendor/laravel/framework/src/Illuminate/Routing/Router.php(784): Illuminate\\Routing\\Router->runRouteWithinStack()
#25 /home/jnv/Documents/MCA/Sem2/php_laravel/code/prep/exam/vendor/laravel/framework/src/Illuminate/Routing/Router.php(748): Illuminate\\Routing\\Router->runRoute()
#26 /home/jnv/Documents/MCA/Sem2/php_laravel/code/prep/exam/vendor/laravel/framework/src/Illuminate/Routing/Router.php(737): Illuminate\\Routing\\Router->dispatchToRoute()
#27 /home/jnv/Documents/MCA/Sem2/php_laravel/code/prep/exam/vendor/laravel/framework/src/Illuminate/Foundation/Http/Kernel.php(200): Illuminate\\Routing\\Router->dispatch()
#28 /home/jnv/Documents/MCA/Sem2/php_laravel/code/prep/exam/vendor/laravel/framework/src/Illuminate/Pipeline/Pipeline.php(144): Illuminate\\Foundation\\Http\\Kernel->Illuminate\\Foundation\\Http\\{closure}()
#29 /home/jnv/Documents/MCA/Sem2/php_laravel/code/prep/exam/vendor/laravel/framework/src/Illuminate/Foundation/Http/Middleware/TransformsRequest.php(21): Illuminate\\Pipeline\\Pipeline->Illuminate\\Pipeline\\{closure}()
#30 /home/jnv/Documents/MCA/Sem2/php_laravel/code/prep/exam/vendor/laravel/framework/src/Illuminate/Foundation/Http/Middleware/ConvertEmptyStringsToNull.php(31): Illuminate\\Foundation\\Http\\Middleware\\TransformsRequest->handle()
#31 /home/jnv/Documents/MCA/Sem2/php_laravel/code/prep/exam/vendor/laravel/framework/src/Illuminate/Pipeline/Pipeline.php(183): Illuminate\\Foundation\\Http\\Middleware\\ConvertEmptyStringsToNull->handle()
#32 /home/jnv/Documents/MCA/Sem2/php_laravel/code/prep/exam/vendor/laravel/framework/src/Illuminate/Foundation/Http/Middleware/TransformsRequest.php(21): Illuminate\\Pipeline\\Pipeline->Illuminate\\Pipeline\\{closure}()
#33 /home/jnv/Documents/MCA/Sem2/php_laravel/code/prep/exam/vendor/laravel/framework/src/Illuminate/Foundation/Http/Middleware/TrimStrings.php(40): Illuminate\\Foundation\\Http\\Middleware\\TransformsRequest->handle()
#34 /home/jnv/Documents/MCA/Sem2/php_laravel/code/prep/exam/vendor/laravel/framework/src/Illuminate/Pipeline/Pipeline.php(183): Illuminate\\Foundation\\Http\\Middleware\\TrimStrings->handle()
#35 /home/jnv/Documents/MCA/Sem2/php_laravel/code/prep/exam/vendor/laravel/framework/src/Illuminate/Foundation/Http/Middleware/ValidatePostSize.php(27): Illuminate\\Pipeline\\Pipeline->Illuminate\\Pipeline\\{closure}()
#36 /home/jnv/Documents/MCA/Sem2/php_laravel/code/prep/exam/vendor/laravel/framework/src/Illuminate/Pipeline/Pipeline.php(183): Illuminate\\Foundation\\Http\\Middleware\\ValidatePostSize->handle()
#37 /home/jnv/Documents/MCA/Sem2/php_laravel/code/prep/exam/vendor/laravel/framework/src/Illuminate/Foundation/Http/Middleware/PreventRequestsDuringMaintenance.php(99): Illuminate\\Pipeline\\Pipeline->Illuminate\\Pipeline\\{closure}()
#38 /home/jnv/Documents/MCA/Sem2/php_laravel/code/prep/exam/vendor/laravel/framework/src/Illuminate/Pipeline/Pipeline.php(183): Illuminate\\Foundation\\Http\\Middleware\\PreventRequestsDuringMaintenance->handle()
#39 /home/jnv/Documents/MCA/Sem2/php_laravel/code/prep/exam/vendor/laravel/framework/src/Illuminate/Http/Middleware/HandleCors.php(49): Illuminate\\Pipeline\\Pipeline->Illuminate\\Pipeline\\{closure}()
#40 /home/jnv/Documents/MCA/Sem2/php_laravel/code/prep/exam/vendor/laravel/framework/src/Illuminate/Pipeline/Pipeline.php(183): Illuminate\\Http\\Middleware\\HandleCors->handle()
#41 /home/jnv/Documents/MCA/Sem2/php_laravel/code/prep/exam/vendor/laravel/framework/src/Illuminate/Http/Middleware/TrustProxies.php(39): Illuminate\\Pipeline\\Pipeline->Illuminate\\Pipeline\\{closure}()
#42 /home/jnv/Documents/MCA/Sem2/php_laravel/code/prep/exam/vendor/laravel/framework/src/Illuminate/Pipeline/Pipeline.php(183): Illuminate\\Http\\Middleware\\TrustProxies->handle()
#43 /home/jnv/Documents/MCA/Sem2/php_laravel/code/prep/exam/vendor/laravel/framework/src/Illuminate/Pipeline/Pipeline.php(119): Illuminate\\Pipeline\\Pipeline->Illuminate\\Pipeline\\{closure}()
#44 /home/jnv/Documents/MCA/Sem2/php_laravel/code/prep/exam/vendor/laravel/framework/src/Illuminate/Foundation/Http/Kernel.php(175): Illuminate\\Pipeline\\Pipeline->then()
#45 /home/jnv/Documents/MCA/Sem2/php_laravel/code/prep/exam/vendor/laravel/framework/src/Illuminate/Foundation/Http/Kernel.php(144): Illuminate\\Foundation\\Http\\Kernel->sendRequestThroughRouter()
#46 /home/jnv/Documents/MCA/Sem2/php_laravel/code/prep/exam/public/index.php(51): Illuminate\\Foundation\\Http\\Kernel->handle()
#47 /home/jnv/Documents/MCA/Sem2/php_laravel/code/prep/exam/vendor/laravel/framework/src/Illuminate/Foundation/resources/server.php(16): require_once('...')
#48 {main}
"} 
[2026-04-30 07:33:57] local.ERROR: file_put_contents(C:\xampp\htdocs\Laravel10\storage\framework/sessions/jiohMDlw5s8Ze7ZqlqbVY5YEBsAKlp7258rWzGVq): Failed to open stream: No such file or directory {"exception":"[object] (ErrorException(code: 0): file_put_contents(C:\\xampp\\htdocs\\Laravel10\\storage\\framework/sessions/jiohMDlw5s8Ze7ZqlqbVY5YEBsAKlp7258rWzGVq): Failed to open stream: No such file or directory at /home/jnv/Documents/MCA/Sem2/php_laravel/code/prep/exam/vendor/laravel/framework/src/Illuminate/Filesystem/Filesystem.php:204)
[stacktrace]
#0 /home/jnv/Documents/MCA/Sem2/php_laravel/code/prep/exam/vendor/laravel/framework/src/Illuminate/Foundation/Bootstrap/HandleExceptions.php(289): Illuminate\\Foundation\\Bootstrap\\HandleExceptions->handleError()
#1 [internal function]: Illuminate\\Foundation\\Bootstrap\\HandleExceptions->Illuminate\\Foundation\\Bootstrap\\{closure}()
#2 /home/jnv/Documents/MCA/Sem2/php_laravel/code/prep/exam/vendor/laravel/framework/src/Illuminate/Filesystem/Filesystem.php(204): file_put_contents()
#3 /home/jnv/Documents/MCA/Sem2/php_laravel/code/prep/exam/vendor/laravel/framework/src/Illuminate/Session/FileSessionHandler.php(90): Illuminate\\Filesystem\\Filesystem->put()
#4 /home/jnv/Documents/MCA/Sem2/php_laravel/code/prep/exam/vendor/laravel/framework/src/Illuminate/Session/Store.php(172): Illuminate\\Session\\FileSessionHandler->write()
#5 /home/jnv/Documents/MCA/Sem2/php_laravel/code/prep/exam/vendor/laravel/framework/src/Illuminate/Session/Middleware/StartSession.php(245): Illuminate\\Session\\Store->save()
#6 /home/jnv/Documents/MCA/Sem2/php_laravel/code/prep/exam/vendor/laravel/framework/src/Illuminate/Session/Middleware/StartSession.php(130): Illuminate\\Session\\Middleware\\StartSession->saveSession()
#7 /home/jnv/Documents/MCA/Sem2/php_laravel/code/prep/exam/vendor/laravel/framework/src/Illuminate/Session/Middleware/StartSession.php(64): Illuminate\\Session\\Middleware\\StartSession->handleStatefulRequest()
#8 /home/jnv/Documents/MCA/Sem2/php_laravel/code/prep/exam/vendor/laravel/framework/src/Illuminate/Pipeline/Pipeline.php(183): Illuminate\\Session\\Middleware\\StartSession->handle()
#9 /home/jnv/Documents/MCA/Sem2/php_laravel/code/prep/exam/vendor/laravel/framework/src/Illuminate/Cookie/Middleware/AddQueuedCookiesToResponse.php(37): Illuminate\\Pipeline\\Pipeline->Illuminate\\Pipeline\\{closure}()
#10 /home/jnv/Documents/MCA/Sem2/php_laravel/code/prep/exam/vendor/laravel/framework/src/Illuminate/Pipeline/Pipeline.php(183): Illuminate\\Cookie\\Middleware\\AddQueuedCookiesToResponse->handle()
#11 /home/jnv/Documents/MCA/Sem2/php_laravel/code/prep/exam/vendor/laravel/framework/src/Illuminate/Cookie/Middleware/EncryptCookies.php(67): Illuminate\\Pipeline\\Pipeline->Illuminate\\Pipeline\\{closure}()
#12 /home/jnv/Documents/MCA/Sem2/php_laravel/code/prep/exam/vendor/laravel/framework/src/Illuminate/Pipeline/Pipeline.php(183): Illuminate\\Cookie\\Middleware\\EncryptCookies->handle()
#13 /home/jnv/Documents/MCA/Sem2/php_laravel/code/prep/exam/vendor/laravel/framework/src/Illuminate/Pipeline/Pipeline.php(119): Illuminate\\Pipeline\\Pipeline->Illuminate\\Pipeline\\{closure}()
#14 /home/jnv/Documents/MCA/Sem2/php_laravel/code/prep/exam/vendor/laravel/framework/src/Illuminate/Routing/Router.php(805): Illuminate\\Pipeline\\Pipeline->then()
#15 /home/jnv/Documents/MCA/Sem2/php_laravel/code/prep/exam/vendor/laravel/framework/src/Illuminate/Routing/Router.php(784): Illuminate\\Routing\\Router->runRouteWithinStack()
#16 /home/jnv/Documents/MCA/Sem2/php_laravel/code/prep/exam/vendor/laravel/framework/src/Illuminate/Routing/Router.php(748): Illuminate\\Routing\\Router->runRoute()
#17 /home/jnv/Documents/MCA/Sem2/php_laravel/code/prep/exam/vendor/laravel/framework/src/Illuminate/Routing/Router.php(737): Illuminate\\Routing\\Router->dispatchToRoute()
#18 /home/jnv/Documents/MCA/Sem2/php_laravel/code/prep/exam/vendor/laravel/framework/src/Illuminate/Foundation/Http/Kernel.php(200): Illuminate\\Routing\\Router->dispatch()
#19 /home/jnv/Documents/MCA/Sem2/php_laravel/code/prep/exam/vendor/laravel/framework/src/Illuminate/Pipeline/Pipeline.php(144): Illuminate\\Foundation\\Http\\Kernel->Illuminate\\Foundation\\Http\\{closure}()
#20 /home/jnv/Documents/MCA/Sem2/php_laravel/code/prep/exam/vendor/laravel/framework/src/Illuminate/Foundation/Http/Middleware/TransformsRequest.php(21): Illuminate\\Pipeline\\Pipeline->Illuminate\\Pipeline\\{closure}()
#21 /home/jnv/Documents/MCA/Sem2/php_laravel/code/prep/exam/vendor/laravel/framework/src/Illuminate/Foundation/Http/Middleware/ConvertEmptyStringsToNull.php(31): Illuminate\\Foundation\\Http\\Middleware\\TransformsRequest->handle()
#22 /home/jnv/Documents/MCA/Sem2/php_laravel/code/prep/exam/vendor/laravel/framework/src/Illuminate/Pipeline/Pipeline.php(183): Illuminate\\Foundation\\Http\\Middleware\\ConvertEmptyStringsToNull->handle()
#23 /home/jnv/Documents/MCA/Sem2/php_laravel/code/prep/exam/vendor/laravel/framework/src/Illuminate/Foundation/Http/Middleware/TransformsRequest.php(21): Illuminate\\Pipeline\\Pipeline->Illuminate\\Pipeline\\{closure}()
#24 /home/jnv/Documents/MCA/Sem2/php_laravel/code/prep/exam/vendor/laravel/framework/src/Illuminate/Foundation/Http/Middleware/TrimStrings.php(40): Illuminate\\Foundation\\Http\\Middleware\\TransformsRequest->handle()
#25 /home/jnv/Documents/MCA/Sem2/php_laravel/code/prep/exam/vendor/laravel/framework/src/Illuminate/Pipeline/Pipeline.php(183): Illuminate\\Foundation\\Http\\Middleware\\TrimStrings->handle()
#26 /home/jnv/Documents/MCA/Sem2/php_laravel/code/prep/exam/vendor/laravel/framework/src/Illuminate/Foundation/Http/Middleware/ValidatePostSize.php(27): Illuminate\\Pipeline\\Pipeline->Illuminate\\Pipeline\\{closure}()
#27 /home/jnv/Documents/MCA/Sem2/php_laravel/code/prep/exam/vendor/laravel/framework/src/Illuminate/Pipeline/Pipeline.php(183): Illuminate\\Foundation\\Http\\Middleware\\ValidatePostSize->handle()
#28 /home/jnv/Documents/MCA/Sem2/php_laravel/code/prep/exam/vendor/laravel/framework/src/Illuminate/Foundation/Http/Middleware/PreventRequestsDuringMaintenance.php(99): Illuminate\\Pipeline\\Pipeline->Illuminate\\Pipeline\\{closure}()
#29 /home/jnv/Documents/MCA/Sem2/php_laravel/code/prep/exam/vendor/laravel/framework/src/Illuminate/Pipeline/Pipeline.php(183): Illuminate\\Foundation\\Http\\Middleware\\PreventRequestsDuringMaintenance->handle()
#30 /home/jnv/Documents/MCA/Sem2/php_laravel/code/prep/exam/vendor/laravel/framework/src/Illuminate/Http/Middleware/HandleCors.php(49): Illuminate\\Pipeline\\Pipeline->Illuminate\\Pipeline\\{closure}()
#31 /home/jnv/Documents/MCA/Sem2/php_laravel/code/prep/exam/vendor/laravel/framework/src/Illuminate/Pipeline/Pipeline.php(183): Illuminate\\Http\\Middleware\\HandleCors->handle()
#32 /home/jnv/Documents/MCA/Sem2/php_laravel/code/prep/exam/vendor/laravel/framework/src/Illuminate/Http/Middleware/TrustProxies.php(39): Illuminate\\Pipeline\\Pipeline->Illuminate\\Pipeline\\{closure}()
#33 /home/jnv/Documents/MCA/Sem2/php_laravel/code/prep/exam/vendor/laravel/framework/src/Illuminate/Pipeline/Pipeline.php(183): Illuminate\\Http\\Middleware\\TrustProxies->handle()
#34 /home/jnv/Documents/MCA/Sem2/php_laravel/code/prep/exam/vendor/laravel/framework/src/Illuminate/Pipeline/Pipeline.php(119): Illuminate\\Pipeline\\Pipeline->Illuminate\\Pipeline\\{closure}()
#35 /home/jnv/Documents/MCA/Sem2/php_laravel/code/prep/exam/vendor/laravel/framework/src/Illuminate/Foundation/Http/Kernel.php(175): Illuminate\\Pipeline\\Pipeline->then()
#36 /home/jnv/Documents/MCA/Sem2/php_laravel/code/prep/exam/vendor/laravel/framework/src/Illuminate/Foundation/Http/Kernel.php(144): Illuminate\\Foundation\\Http\\Kernel->sendRequestThroughRouter()
#37 /home/jnv/Documents/MCA/Sem2/php_laravel/code/prep/exam/public/index.php(51): Illuminate\\Foundation\\Http\\Kernel->handle()
#38 /home/jnv/Documents/MCA/Sem2/php_laravel/code/prep/exam/vendor/laravel/framework/src/Illuminate/Foundation/resources/server.php(16): require_once('...')
#39 {main}
"} 
[2026-04-30 07:33:57] local.ERROR: View [welcome] not found. {"exception":"[object] (InvalidArgumentException(code: 0): View [welcome] not found. at /home/jnv/Documents/MCA/Sem2/php_laravel/code/prep/exam/vendor/laravel/framework/src/Illuminate/View/FileViewFinder.php:137)
[stacktrace]
#0 /home/jnv/Documents/MCA/Sem2/php_laravel/code/prep/exam/vendor/laravel/framework/src/Illuminate/View/FileViewFinder.php(79): Illuminate\\View\\FileViewFinder->findInPaths()
#1 /home/jnv/Documents/MCA/Sem2/php_laravel/code/prep/exam/vendor/laravel/framework/src/Illuminate/View/Factory.php(137): Illuminate\\View\\FileViewFinder->find()
#2 /home/jnv/Documents/MCA/Sem2/php_laravel/code/prep/exam/vendor/laravel/framework/src/Illuminate/Foundation/helpers.php(1020): Illuminate\\View\\Factory->make()
#3 /home/jnv/Documents/MCA/Sem2/php_laravel/code/prep/exam/routes/web.php(17): view()
#4 /home/jnv/Documents/MCA/Sem2/php_laravel/code/prep/exam/vendor/laravel/framework/src/Illuminate/Routing/CallableDispatcher.php(40): Illuminate\\Routing\\RouteFileRegistrar->{closure}()
#5 /home/jnv/Documents/MCA/Sem2/php_laravel/code/prep/exam/vendor/laravel/framework/src/Illuminate/Routing/Route.php(237): Illuminate\\Routing\\CallableDispatcher->dispatch()
#6 /home/jnv/Documents/MCA/Sem2/php_laravel/code/prep/exam/vendor/laravel/framework/src/Illuminate/Routing/Route.php(208): Illuminate\\Routing\\Route->runCallable()
#7 /home/jnv/Documents/MCA/Sem2/php_laravel/code/prep/exam/vendor/laravel/framework/src/Illuminate/Routing/Router.php(806): Illuminate\\Routing\\Route->run()
#8 /home/jnv/Documents/MCA/Sem2/php_laravel/code/prep/exam/vendor/laravel/framework/src/Illuminate/Pipeline/Pipeline.php(144): Illuminate\\Routing\\Router->Illuminate\\Routing\\{closure}()
#9 /home/jnv/Documents/MCA/Sem2/php_laravel/code/prep/exam/vendor/laravel/framework/src/Illuminate/Routing/Middleware/SubstituteBindings.php(50): Illuminate\\Pipeline\\Pipeline->Illuminate\\Pipeline\\{closure}()
#10 /home/jnv/Documents/MCA/Sem2/php_laravel/code/prep/exam/vendor/laravel/framework/src/Illuminate/Pipeline/Pipeline.php(183): Illuminate\\Routing\\Middleware\\SubstituteBindings->handle()
#11 /home/jnv/Documents/MCA/Sem2/php_laravel/code/prep/exam/vendor/laravel/framework/src/Illuminate/Foundation/Http/Middleware/VerifyCsrfToken.php(78): Illuminate\\Pipeline\\Pipeline->Illuminate\\Pipeline\\{closure}()
#12 /home/jnv/Documents/MCA/Sem2/php_laravel/code/prep/exam/vendor/laravel/framework/src/Illuminate/Pipeline/Pipeline.php(183): Illuminate\\Foundation\\Http\\Middleware\\VerifyCsrfToken->handle()
#13 /home/jnv/Documents/MCA/Sem2/php_laravel/code/prep/exam/vendor/laravel/framework/src/Illuminate/View/Middleware/ShareErrorsFromSession.php(49): Illuminate\\Pipeline\\Pipeline->Illuminate\\Pipeline\\{closure}()
#14 /home/jnv/Documents/MCA/Sem2/php_laravel/code/prep/exam/vendor/laravel/framework/src/Illuminate/Pipeline/Pipeline.php(183): Illuminate\\View\\Middleware\\ShareErrorsFromSession->handle()
#15 /home/jnv/Documents/MCA/Sem2/php_laravel/code/prep/exam/vendor/laravel/framework/src/Illuminate/Session/Middleware/StartSession.php(121): Illuminate\\Pipeline\\Pipeline->Illuminate\\Pipeline\\{closure}()
#16 /home/jnv/Documents/MCA/Sem2/php_laravel/code/prep/exam/vendor/laravel/framework/src/Illuminate/Session/Middleware/StartSession.php(64): Illuminate\\Session\\Middleware\\StartSession->handleStatefulRequest()
#17 /home/jnv/Documents/MCA/Sem2/php_laravel/code/prep/exam/vendor/laravel/framework/src/Illuminate/Pipeline/Pipeline.php(183): Illuminate\\Session\\Middleware\\StartSession->handle()
#18 /home/jnv/Documents/MCA/Sem2/php_laravel/code/prep/exam/vendor/laravel/framework/src/Illuminate/Cookie/Middleware/AddQueuedCookiesToResponse.php(37): Illuminate\\Pipeline\\Pipeline->Illuminate\\Pipeline\\{closure}()
#19 /home/jnv/Documents/MCA/Sem2/php_laravel/code/prep/exam/vendor/laravel/framework/src/Illuminate/Pipeline/Pipeline.php(183): Illuminate\\Cookie\\Middleware\\AddQueuedCookiesToResponse->handle()
#20 /home/jnv/Documents/MCA/Sem2/php_laravel/code/prep/exam/vendor/laravel/framework/src/Illuminate/Cookie/Middleware/EncryptCookies.php(67): Illuminate\\Pipeline\\Pipeline->Illuminate\\Pipeline\\{closure}()
#21 /home/jnv/Documents/MCA/Sem2/php_laravel/code/prep/exam/vendor/laravel/framework/src/Illuminate/Pipeline/Pipeline.php(183): Illuminate\\Cookie\\Middleware\\EncryptCookies->handle()
#22 /home/jnv/Documents/MCA/Sem2/php_laravel/code/prep/exam/vendor/laravel/framework/src/Illuminate/Pipeline/Pipeline.php(119): Illuminate\\Pipeline\\Pipeline->Illuminate\\Pipeline\\{closure}()
#23 /home/jnv/Documents/MCA/Sem2/php_laravel/code/prep/exam/vendor/laravel/framework/src/Illuminate/Routing/Router.php(805): Illuminate\\Pipeline\\Pipeline->then()
#24 /home/jnv/Documents/MCA/Sem2/php_laravel/code/prep/exam/vendor/laravel/framework/src/Illuminate/Routing/Router.php(784): Illuminate\\Routing\\Router->runRouteWithinStack()
#25 /home/jnv/Documents/MCA/Sem2/php_laravel/code/prep/exam/vendor/laravel/framework/src/Illuminate/Routing/Router.php(748): Illuminate\\Routing\\Router->runRoute()
#26 /home/jnv/Documents/MCA/Sem2/php_laravel/code/prep/exam/vendor/laravel/framework/src/Illuminate/Routing/Router.php(737): Illuminate\\Routing\\Router->dispatchToRoute()
#27 /home/jnv/Documents/MCA/Sem2/php_laravel/code/prep/exam/vendor/laravel/framework/src/Illuminate/Foundation/Http/Kernel.php(200): Illuminate\\Routing\\Router->dispatch()
#28 /home/jnv/Documents/MCA/Sem2/php_laravel/code/prep/exam/vendor/laravel/framework/src/Illuminate/Pipeline/Pipeline.php(144): Illuminate\\Foundation\\Http\\Kernel->Illuminate\\Foundation\\Http\\{closure}()
#29 /home/jnv/Documents/MCA/Sem2/php_laravel/code/prep/exam/vendor/laravel/framework/src/Illuminate/Foundation/Http/Middleware/TransformsRequest.php(21): Illuminate\\Pipeline\\Pipeline->Illuminate\\Pipeline\\{closure}()
#30 /home/jnv/Documents/MCA/Sem2/php_laravel/code/prep/exam/vendor/laravel/framework/src/Illuminate/Foundation/Http/Middleware/ConvertEmptyStringsToNull.php(31): Illuminate\\Foundation\\Http\\Middleware\\TransformsRequest->handle()
#31 /home/jnv/Documents/MCA/Sem2/php_laravel/code/prep/exam/vendor/laravel/framework/src/Illuminate/Pipeline/Pipeline.php(183): Illuminate\\Foundation\\Http\\Middleware\\ConvertEmptyStringsToNull->handle()
#32 /home/jnv/Documents/MCA/Sem2/php_laravel/code/prep/exam/vendor/laravel/framework/src/Illuminate/Foundation/Http/Middleware/TransformsRequest.php(21): Illuminate\\Pipeline\\Pipeline->Illuminate\\Pipeline\\{closure}()
#33 /home/jnv/Documents/MCA/Sem2/php_laravel/code/prep/exam/vendor/laravel/framework/src/Illuminate/Foundation/Http/Middleware/TrimStrings.php(40): Illuminate\\Foundation\\Http\\Middleware\\TransformsRequest->handle()
#34 /home/jnv/Documents/MCA/Sem2/php_laravel/code/prep/exam/vendor/laravel/framework/src/Illuminate/Pipeline/Pipeline.php(183): Illuminate\\Foundation\\Http\\Middleware\\TrimStrings->handle()
#35 /home/jnv/Documents/MCA/Sem2/php_laravel/code/prep/exam/vendor/laravel/framework/src/Illuminate/Foundation/Http/Middleware/ValidatePostSize.php(27): Illuminate\\Pipeline\\Pipeline->Illuminate\\Pipeline\\{closure}()
#36 /home/jnv/Documents/MCA/Sem2/php_laravel/code/prep/exam/vendor/laravel/framework/src/Illuminate/Pipeline/Pipeline.php(183): Illuminate\\Foundation\\Http\\Middleware\\ValidatePostSize->handle()
#37 /home/jnv/Documents/MCA/Sem2/php_laravel/code/prep/exam/vendor/laravel/framework/src/Illuminate/Foundation/Http/Middleware/PreventRequestsDuringMaintenance.php(99): Illuminate\\Pipeline\\Pipeline->Illuminate\\Pipeline\\{closure}()
#38 /home/jnv/Documents/MCA/Sem2/php_laravel/code/prep/exam/vendor/laravel/framework/src/Illuminate/Pipeline/Pipeline.php(183): Illuminate\\Foundation\\Http\\Middleware\\PreventRequestsDuringMaintenance->handle()
#39 /home/jnv/Documents/MCA/Sem2/php_laravel/code/prep/exam/vendor/laravel/framework/src/Illuminate/Http/Middleware/HandleCors.php(49): Illuminate\\Pipeline\\Pipeline->Illuminate\\Pipeline\\{closure}()
#40 /home/jnv/Documents/MCA/Sem2/php_laravel/code/prep/exam/vendor/laravel/framework/src/Illuminate/Pipeline/Pipeline.php(183): Illuminate\\Http\\Middleware\\HandleCors->handle()
#41 /home/jnv/Documents/MCA/Sem2/php_laravel/code/prep/exam/vendor/laravel/framework/src/Illuminate/Http/Middleware/TrustProxies.php(39): Illuminate\\Pipeline\\Pipeline->Illuminate\\Pipeline\\{closure}()
#42 /home/jnv/Documents/MCA/Sem2/php_laravel/code/prep/exam/vendor/laravel/framework/src/Illuminate/Pipeline/Pipeline.php(183): Illuminate\\Http\\Middleware\\TrustProxies->handle()
#43 /home/jnv/Documents/MCA/Sem2/php_laravel/code/prep/exam/vendor/laravel/framework/src/Illuminate/Pipeline/Pipeline.php(119): Illuminate\\Pipeline\\Pipeline->Illuminate\\Pipeline\\{closure}()
#44 /home/jnv/Documents/MCA/Sem2/php_laravel/code/prep/exam/vendor/laravel/framework/src/Illuminate/Foundation/Http/Kernel.php(175): Illuminate\\Pipeline\\Pipeline->then()
#45 /home/jnv/Documents/MCA/Sem2/php_laravel/code/prep/exam/vendor/laravel/framework/src/Illuminate/Foundation/Http/Kernel.php(144): Illuminate\\Foundation\\Http\\Kernel->sendRequestThroughRouter()
#46 /home/jnv/Documents/MCA/Sem2/php_laravel/code/prep/exam/public/index.php(51): Illuminate\\Foundation\\Http\\Kernel->handle()
#47 /home/jnv/Documents/MCA/Sem2/php_laravel/code/prep/exam/vendor/laravel/framework/src/Illuminate/Foundation/resources/server.php(16): require_once('...')
#48 {main}
"} 
[2026-04-30 07:33:57] local.ERROR: file_put_contents(C:\xampp\htdocs\Laravel10\storage\framework/sessions/eJiG7ooWyjoTXYEaZEkJJ1jIW0hfvKF7Lk2kKsIl): Failed to open stream: No such file or directory {"exception":"[object] (ErrorException(code: 0): file_put_contents(C:\\xampp\\htdocs\\Laravel10\\storage\\framework/sessions/eJiG7ooWyjoTXYEaZEkJJ1jIW0hfvKF7Lk2kKsIl): Failed to open stream: No such file or directory at /home/jnv/Documents/MCA/Sem2/php_laravel/code/prep/exam/vendor/laravel/framework/src/Illuminate/Filesystem/Filesystem.php:204)
[stacktrace]
#0 /home/jnv/Documents/MCA/Sem2/php_laravel/code/prep/exam/vendor/laravel/framework/src/Illuminate/Foundation/Bootstrap/HandleExceptions.php(289): Illuminate\\Foundation\\Bootstrap\\HandleExceptions->handleError()
#1 [internal function]: Illuminate\\Foundation\\Bootstrap\\HandleExceptions->Illuminate\\Foundation\\Bootstrap\\{closure}()
#2 /home/jnv/Documents/MCA/Sem2/php_laravel/code/prep/exam/vendor/laravel/framework/src/Illuminate/Filesystem/Filesystem.php(204): file_put_contents()
#3 /home/jnv/Documents/MCA/Sem2/php_laravel/code/prep/exam/vendor/laravel/framework/src/Illuminate/Session/FileSessionHandler.php(90): Illuminate\\Filesystem\\Filesystem->put()
#4 /home/jnv/Documents/MCA/Sem2/php_laravel/code/prep/exam/vendor/laravel/framework/src/Illuminate/Session/Store.php(172): Illuminate\\Session\\FileSessionHandler->write()
#5 /home/jnv/Documents/MCA/Sem2/php_laravel/code/prep/exam/vendor/laravel/framework/src/Illuminate/Session/Middleware/StartSession.php(245): Illuminate\\Session\\Store->save()
#6 /home/jnv/Documents/MCA/Sem2/php_laravel/code/prep/exam/vendor/laravel/framework/src/Illuminate/Session/Middleware/StartSession.php(130): Illuminate\\Session\\Middleware\\StartSession->saveSession()
#7 /home/jnv/Documents/MCA/Sem2/php_laravel/code/prep/exam/vendor/laravel/framework/src/Illuminate/Session/Middleware/StartSession.php(64): Illuminate\\Session\\Middleware\\StartSession->handleStatefulRequest()
#8 /home/jnv/Documents/MCA/Sem2/php_laravel/code/prep/exam/vendor/laravel/framework/src/Illuminate/Pipeline/Pipeline.php(183): Illuminate\\Session\\Middleware\\StartSession->handle()
#9 /home/jnv/Documents/MCA/Sem2/php_laravel/code/prep/exam/vendor/laravel/framework/src/Illuminate/Cookie/Middleware/AddQueuedCookiesToResponse.php(37): Illuminate\\Pipeline\\Pipeline->Illuminate\\Pipeline\\{closure}()
#10 /home/jnv/Documents/MCA/Sem2/php_laravel/code/prep/exam/vendor/laravel/framework/src/Illuminate/Pipeline/Pipeline.php(183): Illuminate\\Cookie\\Middleware\\AddQueuedCookiesToResponse->handle()
#11 /home/jnv/Documents/MCA/Sem2/php_laravel/code/prep/exam/vendor/laravel/framework/src/Illuminate/Cookie/Middleware/EncryptCookies.php(67): Illuminate\\Pipeline\\Pipeline->Illuminate\\Pipeline\\{closure}()
#12 /home/jnv/Documents/MCA/Sem2/php_laravel/code/prep/exam/vendor/laravel/framework/src/Illuminate/Pipeline/Pipeline.php(183): Illuminate\\Cookie\\Middleware\\EncryptCookies->handle()
#13 /home/jnv/Documents/MCA/Sem2/php_laravel/code/prep/exam/vendor/laravel/framework/src/Illuminate/Pipeline/Pipeline.php(119): Illuminate\\Pipeline\\Pipeline->Illuminate\\Pipeline\\{closure}()
#14 /home/jnv/Documents/MCA/Sem2/php_laravel/code/prep/exam/vendor/laravel/framework/src/Illuminate/Routing/Router.php(805): Illuminate\\Pipeline\\Pipeline->then()
#15 /home/jnv/Documents/MCA/Sem2/php_laravel/code/prep/exam/vendor/laravel/framework/src/Illuminate/Routing/Router.php(784): Illuminate\\Routing\\Router->runRouteWithinStack()
#16 /home/jnv/Documents/MCA/Sem2/php_laravel/code/prep/exam/vendor/laravel/framework/src/Illuminate/Routing/Router.php(748): Illuminate\\Routing\\Router->runRoute()
#17 /home/jnv/Documents/MCA/Sem2/php_laravel/code/prep/exam/vendor/laravel/framework/src/Illuminate/Routing/Router.php(737): Illuminate\\Routing\\Router->dispatchToRoute()
#18 /home/jnv/Documents/MCA/Sem2/php_laravel/code/prep/exam/vendor/laravel/framework/src/Illuminate/Foundation/Http/Kernel.php(200): Illuminate\\Routing\\Router->dispatch()
#19 /home/jnv/Documents/MCA/Sem2/php_laravel/code/prep/exam/vendor/laravel/framework/src/Illuminate/Pipeline/Pipeline.php(144): Illuminate\\Foundation\\Http\\Kernel->Illuminate\\Foundation\\Http\\{closure}()
#20 /home/jnv/Documents/MCA/Sem2/php_laravel/code/prep/exam/vendor/laravel/framework/src/Illuminate/Foundation/Http/Middleware/TransformsRequest.php(21): Illuminate\\Pipeline\\Pipeline->Illuminate\\Pipeline\\{closure}()
#21 /home/jnv/Documents/MCA/Sem2/php_laravel/code/prep/exam/vendor/laravel/framework/src/Illuminate/Foundation/Http/Middleware/ConvertEmptyStringsToNull.php(31): Illuminate\\Foundation\\Http\\Middleware\\TransformsRequest->handle()
#22 /home/jnv/Documents/MCA/Sem2/php_laravel/code/prep/exam/vendor/laravel/framework/src/Illuminate/Pipeline/Pipeline.php(183): Illuminate\\Foundation\\Http\\Middleware\\ConvertEmptyStringsToNull->handle()
#23 /home/jnv/Documents/MCA/Sem2/php_laravel/code/prep/exam/vendor/laravel/framework/src/Illuminate/Foundation/Http/Middleware/TransformsRequest.php(21): Illuminate\\Pipeline\\Pipeline->Illuminate\\Pipeline\\{closure}()
#24 /home/jnv/Documents/MCA/Sem2/php_laravel/code/prep/exam/vendor/laravel/framework/src/Illuminate/Foundation/Http/Middleware/TrimStrings.php(40): Illuminate\\Foundation\\Http\\Middleware\\TransformsRequest->handle()
#25 /home/jnv/Documents/MCA/Sem2/php_laravel/code/prep/exam/vendor/laravel/framework/src/Illuminate/Pipeline/Pipeline.php(183): Illuminate\\Foundation\\Http\\Middleware\\TrimStrings->handle()
#26 /home/jnv/Documents/MCA/Sem2/php_laravel/code/prep/exam/vendor/laravel/framework/src/Illuminate/Foundation/Http/Middleware/ValidatePostSize.php(27): Illuminate\\Pipeline\\Pipeline->Illuminate\\Pipeline\\{closure}()
#27 /home/jnv/Documents/MCA/Sem2/php_laravel/code/prep/exam/vendor/laravel/framework/src/Illuminate/Pipeline/Pipeline.php(183): Illuminate\\Foundation\\Http\\Middleware\\ValidatePostSize->handle()
#28 /home/jnv/Documents/MCA/Sem2/php_laravel/code/prep/exam/vendor/laravel/framework/src/Illuminate/Foundation/Http/Middleware/PreventRequestsDuringMaintenance.php(99): Illuminate\\Pipeline\\Pipeline->Illuminate\\Pipeline\\{closure}()
#29 /home/jnv/Documents/MCA/Sem2/php_laravel/code/prep/exam/vendor/laravel/framework/src/Illuminate/Pipeline/Pipeline.php(183): Illuminate\\Foundation\\Http\\Middleware\\PreventRequestsDuringMaintenance->handle()
#30 /home/jnv/Documents/MCA/Sem2/php_laravel/code/prep/exam/vendor/laravel/framework/src/Illuminate/Http/Middleware/HandleCors.php(49): Illuminate\\Pipeline\\Pipeline->Illuminate\\Pipeline\\{closure}()
#31 /home/jnv/Documents/MCA/Sem2/php_laravel/code/prep/exam/vendor/laravel/framework/src/Illuminate/Pipeline/Pipeline.php(183): Illuminate\\Http\\Middleware\\HandleCors->handle()
#32 /home/jnv/Documents/MCA/Sem2/php_laravel/code/prep/exam/vendor/laravel/framework/src/Illuminate/Http/Middleware/TrustProxies.php(39): Illuminate\\Pipeline\\Pipeline->Illuminate\\Pipeline\\{closure}()
#33 /home/jnv/Documents/MCA/Sem2/php_laravel/code/prep/exam/vendor/laravel/framework/src/Illuminate/Pipeline/Pipeline.php(183): Illuminate\\Http\\Middleware\\TrustProxies->handle()
#34 /home/jnv/Documents/MCA/Sem2/php_laravel/code/prep/exam/vendor/laravel/framework/src/Illuminate/Pipeline/Pipeline.php(119): Illuminate\\Pipeline\\Pipeline->Illuminate\\Pipeline\\{closure}()
#35 /home/jnv/Documents/MCA/Sem2/php_laravel/code/prep/exam/vendor/laravel/framework/src/Illuminate/Foundation/Http/Kernel.php(175): Illuminate\\Pipeline\\Pipeline->then()
#36 /home/jnv/Documents/MCA/Sem2/php_laravel/code/prep/exam/vendor/laravel/framework/src/Illuminate/Foundation/Http/Kernel.php(144): Illuminate\\Foundation\\Http\\Kernel->sendRequestThroughRouter()
#37 /home/jnv/Documents/MCA/Sem2/php_laravel/code/prep/exam/public/index.php(51): Illuminate\\Foundation\\Http\\Kernel->handle()
#38 /home/jnv/Documents/MCA/Sem2/php_laravel/code/prep/exam/vendor/laravel/framework/src/Illuminate/Foundation/resources/server.php(16): require_once('...')
#39 {main}
"} 
[2026-04-30 07:34:51] local.ERROR: View [welcome] not found. {"exception":"[object] (InvalidArgumentException(code: 0): View [welcome] not found. at /home/jnv/Documents/MCA/Sem2/php_laravel/code/prep/exam/vendor/laravel/framework/src/Illuminate/View/FileViewFinder.php:137)
[stacktrace]
#0 /home/jnv/Documents/MCA/Sem2/php_laravel/code/prep/exam/vendor/laravel/framework/src/Illuminate/View/FileViewFinder.php(79): Illuminate\\View\\FileViewFinder->findInPaths()
#1 /home/jnv/Documents/MCA/Sem2/php_laravel/code/prep/exam/vendor/laravel/framework/src/Illuminate/View/Factory.php(137): Illuminate\\View\\FileViewFinder->find()
#2 /home/jnv/Documents/MCA/Sem2/php_laravel/code/prep/exam/vendor/laravel/framework/src/Illuminate/Foundation/helpers.php(1020): Illuminate\\View\\Factory->make()
#3 /home/jnv/Documents/MCA/Sem2/php_laravel/code/prep/exam/routes/web.php(17): view()
#4 /home/jnv/Documents/MCA/Sem2/php_laravel/code/prep/exam/vendor/laravel/framework/src/Illuminate/Routing/CallableDispatcher.php(40): Illuminate\\Routing\\RouteFileRegistrar->{closure}()
#5 /home/jnv/Documents/MCA/Sem2/php_laravel/code/prep/exam/vendor/laravel/framework/src/Illuminate/Routing/Route.php(237): Illuminate\\Routing\\CallableDispatcher->dispatch()
#6 /home/jnv/Documents/MCA/Sem2/php_laravel/code/prep/exam/vendor/laravel/framework/src/Illuminate/Routing/Route.php(208): Illuminate\\Routing\\Route->runCallable()
#7 /home/jnv/Documents/MCA/Sem2/php_laravel/code/prep/exam/vendor/laravel/framework/src/Illuminate/Routing/Router.php(806): Illuminate\\Routing\\Route->run()
#8 /home/jnv/Documents/MCA/Sem2/php_laravel/code/prep/exam/vendor/laravel/framework/src/Illuminate/Pipeline/Pipeline.php(144): Illuminate\\Routing\\Router->Illuminate\\Routing\\{closure}()
#9 /home/jnv/Documents/MCA/Sem2/php_laravel/code/prep/exam/vendor/laravel/framework/src/Illuminate/Routing/Middleware/SubstituteBindings.php(50): Illuminate\\Pipeline\\Pipeline->Illuminate\\Pipeline\\{closure}()
#10 /home/jnv/Documents/MCA/Sem2/php_laravel/code/prep/exam/vendor/laravel/framework/src/Illuminate/Pipeline/Pipeline.php(183): Illuminate\\Routing\\Middleware\\SubstituteBindings->handle()
#11 /home/jnv/Documents/MCA/Sem2/php_laravel/code/prep/exam/vendor/laravel/framework/src/Illuminate/Foundation/Http/Middleware/VerifyCsrfToken.php(78): Illuminate\\Pipeline\\Pipeline->Illuminate\\Pipeline\\{closure}()
#12 /home/jnv/Documents/MCA/Sem2/php_laravel/code/prep/exam/vendor/laravel/framework/src/Illuminate/Pipeline/Pipeline.php(183): Illuminate\\Foundation\\Http\\Middleware\\VerifyCsrfToken->handle()
#13 /home/jnv/Documents/MCA/Sem2/php_laravel/code/prep/exam/vendor/laravel/framework/src/Illuminate/View/Middleware/ShareErrorsFromSession.php(49): Illuminate\\Pipeline\\Pipeline->Illuminate\\Pipeline\\{closure}()
#14 /home/jnv/Documents/MCA/Sem2/php_laravel/code/prep/exam/vendor/laravel/framework/src/Illuminate/Pipeline/Pipeline.php(183): Illuminate\\View\\Middleware\\ShareErrorsFromSession->handle()
#15 /home/jnv/Documents/MCA/Sem2/php_laravel/code/prep/exam/vendor/laravel/framework/src/Illuminate/Session/Middleware/StartSession.php(121): Illuminate\\Pipeline\\Pipeline->Illuminate\\Pipeline\\{closure}()
#16 /home/jnv/Documents/MCA/Sem2/php_laravel/code/prep/exam/vendor/laravel/framework/src/Illuminate/Session/Middleware/StartSession.php(64): Illuminate\\Session\\Middleware\\StartSession->handleStatefulRequest()
#17 /home/jnv/Documents/MCA/Sem2/php_laravel/code/prep/exam/vendor/laravel/framework/src/Illuminate/Pipeline/Pipeline.php(183): Illuminate\\Session\\Middleware\\StartSession->handle()
#18 /home/jnv/Documents/MCA/Sem2/php_laravel/code/prep/exam/vendor/laravel/framework/src/Illuminate/Cookie/Middleware/AddQueuedCookiesToResponse.php(37): Illuminate\\Pipeline\\Pipeline->Illuminate\\Pipeline\\{closure}()
#19 /home/jnv/Documents/MCA/Sem2/php_laravel/code/prep/exam/vendor/laravel/framework/src/Illuminate/Pipeline/Pipeline.php(183): Illuminate\\Cookie\\Middleware\\AddQueuedCookiesToResponse->handle()
#20 /home/jnv/Documents/MCA/Sem2/php_laravel/code/prep/exam/vendor/laravel/framework/src/Illuminate/Cookie/Middleware/EncryptCookies.php(67): Illuminate\\Pipeline\\Pipeline->Illuminate\\Pipeline\\{closure}()
#21 /home/jnv/Documents/MCA/Sem2/php_laravel/code/prep/exam/vendor/laravel/framework/src/Illuminate/Pipeline/Pipeline.php(183): Illuminate\\Cookie\\Middleware\\EncryptCookies->handle()
#22 /home/jnv/Documents/MCA/Sem2/php_laravel/code/prep/exam/vendor/laravel/framework/src/Illuminate/Pipeline/Pipeline.php(119): Illuminate\\Pipeline\\Pipeline->Illuminate\\Pipeline\\{closure}()
#23 /home/jnv/Documents/MCA/Sem2/php_laravel/code/prep/exam/vendor/laravel/framework/src/Illuminate/Routing/Router.php(805): Illuminate\\Pipeline\\Pipeline->then()
#24 /home/jnv/Documents/MCA/Sem2/php_laravel/code/prep/exam/vendor/laravel/framework/src/Illuminate/Routing/Router.php(784): Illuminate\\Routing\\Router->runRouteWithinStack()
#25 /home/jnv/Documents/MCA/Sem2/php_laravel/code/prep/exam/vendor/laravel/framework/src/Illuminate/Routing/Router.php(748): Illuminate\\Routing\\Router->runRoute()
#26 /home/jnv/Documents/MCA/Sem2/php_laravel/code/prep/exam/vendor/laravel/framework/src/Illuminate/Routing/Router.php(737): Illuminate\\Routing\\Router->dispatchToRoute()
#27 /home/jnv/Documents/MCA/Sem2/php_laravel/code/prep/exam/vendor/laravel/framework/src/Illuminate/Foundation/Http/Kernel.php(200): Illuminate\\Routing\\Router->dispatch()
#28 /home/jnv/Documents/MCA/Sem2/php_laravel/code/prep/exam/vendor/laravel/framework/src/Illuminate/Pipeline/Pipeline.php(144): Illuminate\\Foundation\\Http\\Kernel->Illuminate\\Foundation\\Http\\{closure}()
#29 /home/jnv/Documents/MCA/Sem2/php_laravel/code/prep/exam/vendor/laravel/framework/src/Illuminate/Foundation/Http/Middleware/TransformsRequest.php(21): Illuminate\\Pipeline\\Pipeline->Illuminate\\Pipeline\\{closure}()
#30 /home/jnv/Documents/MCA/Sem2/php_laravel/code/prep/exam/vendor/laravel/framework/src/Illuminate/Foundation/Http/Middleware/ConvertEmptyStringsToNull.php(31): Illuminate\\Foundation\\Http\\Middleware\\TransformsRequest->handle()
#31 /home/jnv/Documents/MCA/Sem2/php_laravel/code/prep/exam/vendor/laravel/framework/src/Illuminate/Pipeline/Pipeline.php(183): Illuminate\\Foundation\\Http\\Middleware\\ConvertEmptyStringsToNull->handle()
#32 /home/jnv/Documents/MCA/Sem2/php_laravel/code/prep/exam/vendor/laravel/framework/src/Illuminate/Foundation/Http/Middleware/TransformsRequest.php(21): Illuminate\\Pipeline\\Pipeline->Illuminate\\Pipeline\\{closure}()
#33 /home/jnv/Documents/MCA/Sem2/php_laravel/code/prep/exam/vendor/laravel/framework/src/Illuminate/Foundation/Http/Middleware/TrimStrings.php(40): Illuminate\\Foundation\\Http\\Middleware\\TransformsRequest->handle()
#34 /home/jnv/Documents/MCA/Sem2/php_laravel/code/prep/exam/vendor/laravel/framework/src/Illuminate/Pipeline/Pipeline.php(183): Illuminate\\Foundation\\Http\\Middleware\\TrimStrings->handle()
#35 /home/jnv/Documents/MCA/Sem2/php_laravel/code/prep/exam/vendor/laravel/framework/src/Illuminate/Foundation/Http/Middleware/ValidatePostSize.php(27): Illuminate\\Pipeline\\Pipeline->Illuminate\\Pipeline\\{closure}()
#36 /home/jnv/Documents/MCA/Sem2/php_laravel/code/prep/exam/vendor/laravel/framework/src/Illuminate/Pipeline/Pipeline.php(183): Illuminate\\Foundation\\Http\\Middleware\\ValidatePostSize->handle()
#37 /home/jnv/Documents/MCA/Sem2/php_laravel/code/prep/exam/vendor/laravel/framework/src/Illuminate/Foundation/Http/Middleware/PreventRequestsDuringMaintenance.php(99): Illuminate\\Pipeline\\Pipeline->Illuminate\\Pipeline\\{closure}()
#38 /home/jnv/Documents/MCA/Sem2/php_laravel/code/prep/exam/vendor/laravel/framework/src/Illuminate/Pipeline/Pipeline.php(183): Illuminate\\Foundation\\Http\\Middleware\\PreventRequestsDuringMaintenance->handle()
#39 /home/jnv/Documents/MCA/Sem2/php_laravel/code/prep/exam/vendor/laravel/framework/src/Illuminate/Http/Middleware/HandleCors.php(49): Illuminate\\Pipeline\\Pipeline->Illuminate\\Pipeline\\{closure}()
#40 /home/jnv/Documents/MCA/Sem2/php_laravel/code/prep/exam/vendor/laravel/framework/src/Illuminate/Pipeline/Pipeline.php(183): Illuminate\\Http\\Middleware\\HandleCors->handle()
#41 /home/jnv/Documents/MCA/Sem2/php_laravel/code/prep/exam/vendor/laravel/framework/src/Illuminate/Http/Middleware/TrustProxies.php(39): Illuminate\\Pipeline\\Pipeline->Illuminate\\Pipeline\\{closure}()
#42 /home/jnv/Documents/MCA/Sem2/php_laravel/code/prep/exam/vendor/laravel/framework/src/Illuminate/Pipeline/Pipeline.php(183): Illuminate\\Http\\Middleware\\TrustProxies->handle()
#43 /home/jnv/Documents/MCA/Sem2/php_laravel/code/prep/exam/vendor/laravel/framework/src/Illuminate/Pipeline/Pipeline.php(119): Illuminate\\Pipeline\\Pipeline->Illuminate\\Pipeline\\{closure}()
#44 /home/jnv/Documents/MCA/Sem2/php_laravel/code/prep/exam/vendor/laravel/framework/src/Illuminate/Foundation/Http/Kernel.php(175): Illuminate\\Pipeline\\Pipeline->then()
#45 /home/jnv/Documents/MCA/Sem2/php_laravel/code/prep/exam/vendor/laravel/framework/src/Illuminate/Foundation/Http/Kernel.php(144): Illuminate\\Foundation\\Http\\Kernel->sendRequestThroughRouter()
#46 /home/jnv/Documents/MCA/Sem2/php_laravel/code/prep/exam/public/index.php(51): Illuminate\\Foundation\\Http\\Kernel->handle()
#47 /home/jnv/Documents/MCA/Sem2/php_laravel/code/prep/exam/vendor/laravel/framework/src/Illuminate/Foundation/resources/server.php(16): require_once('...')
#48 {main}
"} 
[2026-04-30 07:34:51] local.ERROR: file_put_contents(C:\xampp\htdocs\Laravel10\storage\framework/sessions/ZrGsi4v4XzluBynywqLGbX00R1ggm3CWZ8Er0QIn): Failed to open stream: No such file or directory {"exception":"[object] (ErrorException(code: 0): file_put_contents(C:\\xampp\\htdocs\\Laravel10\\storage\\framework/sessions/ZrGsi4v4XzluBynywqLGbX00R1ggm3CWZ8Er0QIn): Failed to open stream: No such file or directory at /home/jnv/Documents/MCA/Sem2/php_laravel/code/prep/exam/vendor/laravel/framework/src/Illuminate/Filesystem/Filesystem.php:204)
[stacktrace]
#0 /home/jnv/Documents/MCA/Sem2/php_laravel/code/prep/exam/vendor/laravel/framework/src/Illuminate/Foundation/Bootstrap/HandleExceptions.php(289): Illuminate\\Foundation\\Bootstrap\\HandleExceptions->handleError()
#1 [internal function]: Illuminate\\Foundation\\Bootstrap\\HandleExceptions->Illuminate\\Foundation\\Bootstrap\\{closure}()
#2 /home/jnv/Documents/MCA/Sem2/php_laravel/code/prep/exam/vendor/laravel/framework/src/Illuminate/Filesystem/Filesystem.php(204): file_put_contents()
#3 /home/jnv/Documents/MCA/Sem2/php_laravel/code/prep/exam/vendor/laravel/framework/src/Illuminate/Session/FileSessionHandler.php(90): Illuminate\\Filesystem\\Filesystem->put()
#4 /home/jnv/Documents/MCA/Sem2/php_laravel/code/prep/exam/vendor/laravel/framework/src/Illuminate/Session/Store.php(172): Illuminate\\Session\\FileSessionHandler->write()
#5 /home/jnv/Documents/MCA/Sem2/php_laravel/code/prep/exam/vendor/laravel/framework/src/Illuminate/Session/Middleware/StartSession.php(245): Illuminate\\Session\\Store->save()
#6 /home/jnv/Documents/MCA/Sem2/php_laravel/code/prep/exam/vendor/laravel/framework/src/Illuminate/Session/Middleware/StartSession.php(130): Illuminate\\Session\\Middleware\\StartSession->saveSession()
#7 /home/jnv/Documents/MCA/Sem2/php_laravel/code/prep/exam/vendor/laravel/framework/src/Illuminate/Session/Middleware/StartSession.php(64): Illuminate\\Session\\Middleware\\StartSession->handleStatefulRequest()
#8 /home/jnv/Documents/MCA/Sem2/php_laravel/code/prep/exam/vendor/laravel/framework/src/Illuminate/Pipeline/Pipeline.php(183): Illuminate\\Session\\Middleware\\StartSession->handle()
#9 /home/jnv/Documents/MCA/Sem2/php_laravel/code/prep/exam/vendor/laravel/framework/src/Illuminate/Cookie/Middleware/AddQueuedCookiesToResponse.php(37): Illuminate\\Pipeline\\Pipeline->Illuminate\\Pipeline\\{closure}()
#10 /home/jnv/Documents/MCA/Sem2/php_laravel/code/prep/exam/vendor/laravel/framework/src/Illuminate/Pipeline/Pipeline.php(183): Illuminate\\Cookie\\Middleware\\AddQueuedCookiesToResponse->handle()
#11 /home/jnv/Documents/MCA/Sem2/php_laravel/code/prep/exam/vendor/laravel/framework/src/Illuminate/Cookie/Middleware/EncryptCookies.php(67): Illuminate\\Pipeline\\Pipeline->Illuminate\\Pipeline\\{closure}()
#12 /home/jnv/Documents/MCA/Sem2/php_laravel/code/prep/exam/vendor/laravel/framework/src/Illuminate/Pipeline/Pipeline.php(183): Illuminate\\Cookie\\Middleware\\EncryptCookies->handle()
#13 /home/jnv/Documents/MCA/Sem2/php_laravel/code/prep/exam/vendor/laravel/framework/src/Illuminate/Pipeline/Pipeline.php(119): Illuminate\\Pipeline\\Pipeline->Illuminate\\Pipeline\\{closure}()
#14 /home/jnv/Documents/MCA/Sem2/php_laravel/code/prep/exam/vendor/laravel/framework/src/Illuminate/Routing/Router.php(805): Illuminate\\Pipeline\\Pipeline->then()
#15 /home/jnv/Documents/MCA/Sem2/php_laravel/code/prep/exam/vendor/laravel/framework/src/Illuminate/Routing/Router.php(784): Illuminate\\Routing\\Router->runRouteWithinStack()
#16 /home/jnv/Documents/MCA/Sem2/php_laravel/code/prep/exam/vendor/laravel/framework/src/Illuminate/Routing/Router.php(748): Illuminate\\Routing\\Router->runRoute()
#17 /home/jnv/Documents/MCA/Sem2/php_laravel/code/prep/exam/vendor/laravel/framework/src/Illuminate/Routing/Router.php(737): Illuminate\\Routing\\Router->dispatchToRoute()
#18 /home/jnv/Documents/MCA/Sem2/php_laravel/code/prep/exam/vendor/laravel/framework/src/Illuminate/Foundation/Http/Kernel.php(200): Illuminate\\Routing\\Router->dispatch()
#19 /home/jnv/Documents/MCA/Sem2/php_laravel/code/prep/exam/vendor/laravel/framework/src/Illuminate/Pipeline/Pipeline.php(144): Illuminate\\Foundation\\Http\\Kernel->Illuminate\\Foundation\\Http\\{closure}()
#20 /home/jnv/Documents/MCA/Sem2/php_laravel/code/prep/exam/vendor/laravel/framework/src/Illuminate/Foundation/Http/Middleware/TransformsRequest.php(21): Illuminate\\Pipeline\\Pipeline->Illuminate\\Pipeline\\{closure}()
#21 /home/jnv/Documents/MCA/Sem2/php_laravel/code/prep/exam/vendor/laravel/framework/src/Illuminate/Foundation/Http/Middleware/ConvertEmptyStringsToNull.php(31): Illuminate\\Foundation\\Http\\Middleware\\TransformsRequest->handle()
#22 /home/jnv/Documents/MCA/Sem2/php_laravel/code/prep/exam/vendor/laravel/framework/src/Illuminate/Pipeline/Pipeline.php(183): Illuminate\\Foundation\\Http\\Middleware\\ConvertEmptyStringsToNull->handle()
#23 /home/jnv/Documents/MCA/Sem2/php_laravel/code/prep/exam/vendor/laravel/framework/src/Illuminate/Foundation/Http/Middleware/TransformsRequest.php(21): Illuminate\\Pipeline\\Pipeline->Illuminate\\Pipeline\\{closure}()
#24 /home/jnv/Documents/MCA/Sem2/php_laravel/code/prep/exam/vendor/laravel/framework/src/Illuminate/Foundation/Http/Middleware/TrimStrings.php(40): Illuminate\\Foundation\\Http\\Middleware\\TransformsRequest->handle()
#25 /home/jnv/Documents/MCA/Sem2/php_laravel/code/prep/exam/vendor/laravel/framework/src/Illuminate/Pipeline/Pipeline.php(183): Illuminate\\Foundation\\Http\\Middleware\\TrimStrings->handle()
#26 /home/jnv/Documents/MCA/Sem2/php_laravel/code/prep/exam/vendor/laravel/framework/src/Illuminate/Foundation/Http/Middleware/ValidatePostSize.php(27): Illuminate\\Pipeline\\Pipeline->Illuminate\\Pipeline\\{closure}()
#27 /home/jnv/Documents/MCA/Sem2/php_laravel/code/prep/exam/vendor/laravel/framework/src/Illuminate/Pipeline/Pipeline.php(183): Illuminate\\Foundation\\Http\\Middleware\\ValidatePostSize->handle()
#28 /home/jnv/Documents/MCA/Sem2/php_laravel/code/prep/exam/vendor/laravel/framework/src/Illuminate/Foundation/Http/Middleware/PreventRequestsDuringMaintenance.php(99): Illuminate\\Pipeline\\Pipeline->Illuminate\\Pipeline\\{closure}()
#29 /home/jnv/Documents/MCA/Sem2/php_laravel/code/prep/exam/vendor/laravel/framework/src/Illuminate/Pipeline/Pipeline.php(183): Illuminate\\Foundation\\Http\\Middleware\\PreventRequestsDuringMaintenance->handle()
#30 /home/jnv/Documents/MCA/Sem2/php_laravel/code/prep/exam/vendor/laravel/framework/src/Illuminate/Http/Middleware/HandleCors.php(49): Illuminate\\Pipeline\\Pipeline->Illuminate\\Pipeline\\{closure}()
#31 /home/jnv/Documents/MCA/Sem2/php_laravel/code/prep/exam/vendor/laravel/framework/src/Illuminate/Pipeline/Pipeline.php(183): Illuminate\\Http\\Middleware\\HandleCors->handle()
#32 /home/jnv/Documents/MCA/Sem2/php_laravel/code/prep/exam/vendor/laravel/framework/src/Illuminate/Http/Middleware/TrustProxies.php(39): Illuminate\\Pipeline\\Pipeline->Illuminate\\Pipeline\\{closure}()
#33 /home/jnv/Documents/MCA/Sem2/php_laravel/code/prep/exam/vendor/laravel/framework/src/Illuminate/Pipeline/Pipeline.php(183): Illuminate\\Http\\Middleware\\TrustProxies->handle()
#34 /home/jnv/Documents/MCA/Sem2/php_laravel/code/prep/exam/vendor/laravel/framework/src/Illuminate/Pipeline/Pipeline.php(119): Illuminate\\Pipeline\\Pipeline->Illuminate\\Pipeline\\{closure}()
#35 /home/jnv/Documents/MCA/Sem2/php_laravel/code/prep/exam/vendor/laravel/framework/src/Illuminate/Foundation/Http/Kernel.php(175): Illuminate\\Pipeline\\Pipeline->then()
#36 /home/jnv/Documents/MCA/Sem2/php_laravel/code/prep/exam/vendor/laravel/framework/src/Illuminate/Foundation/Http/Kernel.php(144): Illuminate\\Foundation\\Http\\Kernel->sendRequestThroughRouter()
#37 /home/jnv/Documents/MCA/Sem2/php_laravel/code/prep/exam/public/index.php(51): Illuminate\\Foundation\\Http\\Kernel->handle()
#38 /home/jnv/Documents/MCA/Sem2/php_laravel/code/prep/exam/vendor/laravel/framework/src/Illuminate/Foundation/resources/server.php(16): require_once('...')
#39 {main}
"} 
[2026-04-30 07:36:16] local.ERROR: View [welcome] not found. {"exception":"[object] (InvalidArgumentException(code: 0): View [welcome] not found. at /home/jnv/Documents/MCA/Sem2/php_laravel/code/prep/exam/vendor/laravel/framework/src/Illuminate/View/FileViewFinder.php:137)
[stacktrace]
#0 /home/jnv/Documents/MCA/Sem2/php_laravel/code/prep/exam/vendor/laravel/framework/src/Illuminate/View/FileViewFinder.php(79): Illuminate\\View\\FileViewFinder->findInPaths()
#1 /home/jnv/Documents/MCA/Sem2/php_laravel/code/prep/exam/vendor/laravel/framework/src/Illuminate/View/Factory.php(137): Illuminate\\View\\FileViewFinder->find()
#2 /home/jnv/Documents/MCA/Sem2/php_laravel/code/prep/exam/vendor/laravel/framework/src/Illuminate/Foundation/helpers.php(1020): Illuminate\\View\\Factory->make()
#3 /home/jnv/Documents/MCA/Sem2/php_laravel/code/prep/exam/routes/web.php(17): view()
#4 /home/jnv/Documents/MCA/Sem2/php_laravel/code/prep/exam/vendor/laravel/framework/src/Illuminate/Routing/CallableDispatcher.php(40): Illuminate\\Routing\\RouteFileRegistrar->{closure}()
#5 /home/jnv/Documents/MCA/Sem2/php_laravel/code/prep/exam/vendor/laravel/framework/src/Illuminate/Routing/Route.php(237): Illuminate\\Routing\\CallableDispatcher->dispatch()
#6 /home/jnv/Documents/MCA/Sem2/php_laravel/code/prep/exam/vendor/laravel/framework/src/Illuminate/Routing/Route.php(208): Illuminate\\Routing\\Route->runCallable()
#7 /home/jnv/Documents/MCA/Sem2/php_laravel/code/prep/exam/vendor/laravel/framework/src/Illuminate/Routing/Router.php(806): Illuminate\\Routing\\Route->run()
#8 /home/jnv/Documents/MCA/Sem2/php_laravel/code/prep/exam/vendor/laravel/framework/src/Illuminate/Pipeline/Pipeline.php(144): Illuminate\\Routing\\Router->Illuminate\\Routing\\{closure}()
#9 /home/jnv/Documents/MCA/Sem2/php_laravel/code/prep/exam/vendor/laravel/framework/src/Illuminate/Routing/Middleware/SubstituteBindings.php(50): Illuminate\\Pipeline\\Pipeline->Illuminate\\Pipeline\\{closure}()
#10 /home/jnv/Documents/MCA/Sem2/php_laravel/code/prep/exam/vendor/laravel/framework/src/Illuminate/Pipeline/Pipeline.php(183): Illuminate\\Routing\\Middleware\\SubstituteBindings->handle()
#11 /home/jnv/Documents/MCA/Sem2/php_laravel/code/prep/exam/vendor/laravel/framework/src/Illuminate/Foundation/Http/Middleware/VerifyCsrfToken.php(78): Illuminate\\Pipeline\\Pipeline->Illuminate\\Pipeline\\{closure}()
#12 /home/jnv/Documents/MCA/Sem2/php_laravel/code/prep/exam/vendor/laravel/framework/src/Illuminate/Pipeline/Pipeline.php(183): Illuminate\\Foundation\\Http\\Middleware\\VerifyCsrfToken->handle()
#13 /home/jnv/Documents/MCA/Sem2/php_laravel/code/prep/exam/vendor/laravel/framework/src/Illuminate/View/Middleware/ShareErrorsFromSession.php(49): Illuminate\\Pipeline\\Pipeline->Illuminate\\Pipeline\\{closure}()
#14 /home/jnv/Documents/MCA/Sem2/php_laravel/code/prep/exam/vendor/laravel/framework/src/Illuminate/Pipeline/Pipeline.php(183): Illuminate\\View\\Middleware\\ShareErrorsFromSession->handle()
#15 /home/jnv/Documents/MCA/Sem2/php_laravel/code/prep/exam/vendor/laravel/framework/src/Illuminate/Session/Middleware/StartSession.php(121): Illuminate\\Pipeline\\Pipeline->Illuminate\\Pipeline\\{closure}()
#16 /home/jnv/Documents/MCA/Sem2/php_laravel/code/prep/exam/vendor/laravel/framework/src/Illuminate/Session/Middleware/StartSession.php(64): Illuminate\\Session\\Middleware\\StartSession->handleStatefulRequest()
#17 /home/jnv/Documents/MCA/Sem2/php_laravel/code/prep/exam/vendor/laravel/framework/src/Illuminate/Pipeline/Pipeline.php(183): Illuminate\\Session\\Middleware\\StartSession->handle()
#18 /home/jnv/Documents/MCA/Sem2/php_laravel/code/prep/exam/vendor/laravel/framework/src/Illuminate/Cookie/Middleware/AddQueuedCookiesToResponse.php(37): Illuminate\\Pipeline\\Pipeline->Illuminate\\Pipeline\\{closure}()
#19 /home/jnv/Documents/MCA/Sem2/php_laravel/code/prep/exam/vendor/laravel/framework/src/Illuminate/Pipeline/Pipeline.php(183): Illuminate\\Cookie\\Middleware\\AddQueuedCookiesToResponse->handle()
#20 /home/jnv/Documents/MCA/Sem2/php_laravel/code/prep/exam/vendor/laravel/framework/src/Illuminate/Cookie/Middleware/EncryptCookies.php(67): Illuminate\\Pipeline\\Pipeline->Illuminate\\Pipeline\\{closure}()
#21 /home/jnv/Documents/MCA/Sem2/php_laravel/code/prep/exam/vendor/laravel/framework/src/Illuminate/Pipeline/Pipeline.php(183): Illuminate\\Cookie\\Middleware\\EncryptCookies->handle()
#22 /home/jnv/Documents/MCA/Sem2/php_laravel/code/prep/exam/vendor/laravel/framework/src/Illuminate/Pipeline/Pipeline.php(119): Illuminate\\Pipeline\\Pipeline->Illuminate\\Pipeline\\{closure}()
#23 /home/jnv/Documents/MCA/Sem2/php_laravel/code/prep/exam/vendor/laravel/framework/src/Illuminate/Routing/Router.php(805): Illuminate\\Pipeline\\Pipeline->then()
#24 /home/jnv/Documents/MCA/Sem2/php_laravel/code/prep/exam/vendor/laravel/framework/src/Illuminate/Routing/Router.php(784): Illuminate\\Routing\\Router->runRouteWithinStack()
#25 /home/jnv/Documents/MCA/Sem2/php_laravel/code/prep/exam/vendor/laravel/framework/src/Illuminate/Routing/Router.php(748): Illuminate\\Routing\\Router->runRoute()
#26 /home/jnv/Documents/MCA/Sem2/php_laravel/code/prep/exam/vendor/laravel/framework/src/Illuminate/Routing/Router.php(737): Illuminate\\Routing\\Router->dispatchToRoute()
#27 /home/jnv/Documents/MCA/Sem2/php_laravel/code/prep/exam/vendor/laravel/framework/src/Illuminate/Foundation/Http/Kernel.php(200): Illuminate\\Routing\\Router->dispatch()
#28 /home/jnv/Documents/MCA/Sem2/php_laravel/code/prep/exam/vendor/laravel/framework/src/Illuminate/Pipeline/Pipeline.php(144): Illuminate\\Foundation\\Http\\Kernel->Illuminate\\Foundation\\Http\\{closure}()
#29 /home/jnv/Documents/MCA/Sem2/php_laravel/code/prep/exam/vendor/laravel/framework/src/Illuminate/Foundation/Http/Middleware/TransformsRequest.php(21): Illuminate\\Pipeline\\Pipeline->Illuminate\\Pipeline\\{closure}()
#30 /home/jnv/Documents/MCA/Sem2/php_laravel/code/prep/exam/vendor/laravel/framework/src/Illuminate/Foundation/Http/Middleware/ConvertEmptyStringsToNull.php(31): Illuminate\\Foundation\\Http\\Middleware\\TransformsRequest->handle()
#31 /home/jnv/Documents/MCA/Sem2/php_laravel/code/prep/exam/vendor/laravel/framework/src/Illuminate/Pipeline/Pipeline.php(183): Illuminate\\Foundation\\Http\\Middleware\\ConvertEmptyStringsToNull->handle()
#32 /home/jnv/Documents/MCA/Sem2/php_laravel/code/prep/exam/vendor/laravel/framework/src/Illuminate/Foundation/Http/Middleware/TransformsRequest.php(21): Illuminate\\Pipeline\\Pipeline->Illuminate\\Pipeline\\{closure}()
#33 /home/jnv/Documents/MCA/Sem2/php_laravel/code/prep/exam/vendor/laravel/framework/src/Illuminate/Foundation/Http/Middleware/TrimStrings.php(40): Illuminate\\Foundation\\Http\\Middleware\\TransformsRequest->handle()
#34 /home/jnv/Documents/MCA/Sem2/php_laravel/code/prep/exam/vendor/laravel/framework/src/Illuminate/Pipeline/Pipeline.php(183): Illuminate\\Foundation\\Http\\Middleware\\TrimStrings->handle()
#35 /home/jnv/Documents/MCA/Sem2/php_laravel/code/prep/exam/vendor/laravel/framework/src/Illuminate/Foundation/Http/Middleware/ValidatePostSize.php(27): Illuminate\\Pipeline\\Pipeline->Illuminate\\Pipeline\\{closure}()
#36 /home/jnv/Documents/MCA/Sem2/php_laravel/code/prep/exam/vendor/laravel/framework/src/Illuminate/Pipeline/Pipeline.php(183): Illuminate\\Foundation\\Http\\Middleware\\ValidatePostSize->handle()
#37 /home/jnv/Documents/MCA/Sem2/php_laravel/code/prep/exam/vendor/laravel/framework/src/Illuminate/Foundation/Http/Middleware/PreventRequestsDuringMaintenance.php(99): Illuminate\\Pipeline\\Pipeline->Illuminate\\Pipeline\\{closure}()
#38 /home/jnv/Documents/MCA/Sem2/php_laravel/code/prep/exam/vendor/laravel/framework/src/Illuminate/Pipeline/Pipeline.php(183): Illuminate\\Foundation\\Http\\Middleware\\PreventRequestsDuringMaintenance->handle()
#39 /home/jnv/Documents/MCA/Sem2/php_laravel/code/prep/exam/vendor/laravel/framework/src/Illuminate/Http/Middleware/HandleCors.php(49): Illuminate\\Pipeline\\Pipeline->Illuminate\\Pipeline\\{closure}()
#40 /home/jnv/Documents/MCA/Sem2/php_laravel/code/prep/exam/vendor/laravel/framework/src/Illuminate/Pipeline/Pipeline.php(183): Illuminate\\Http\\Middleware\\HandleCors->handle()
#41 /home/jnv/Documents/MCA/Sem2/php_laravel/code/prep/exam/vendor/laravel/framework/src/Illuminate/Http/Middleware/TrustProxies.php(39): Illuminate\\Pipeline\\Pipeline->Illuminate\\Pipeline\\{closure}()
#42 /home/jnv/Documents/MCA/Sem2/php_laravel/code/prep/exam/vendor/laravel/framework/src/Illuminate/Pipeline/Pipeline.php(183): Illuminate\\Http\\Middleware\\TrustProxies->handle()
#43 /home/jnv/Documents/MCA/Sem2/php_laravel/code/prep/exam/vendor/laravel/framework/src/Illuminate/Pipeline/Pipeline.php(119): Illuminate\\Pipeline\\Pipeline->Illuminate\\Pipeline\\{closure}()
#44 /home/jnv/Documents/MCA/Sem2/php_laravel/code/prep/exam/vendor/laravel/framework/src/Illuminate/Foundation/Http/Kernel.php(175): Illuminate\\Pipeline\\Pipeline->then()
#45 /home/jnv/Documents/MCA/Sem2/php_laravel/code/prep/exam/vendor/laravel/framework/src/Illuminate/Foundation/Http/Kernel.php(144): Illuminate\\Foundation\\Http\\Kernel->sendRequestThroughRouter()
#46 /home/jnv/Documents/MCA/Sem2/php_laravel/code/prep/exam/public/index.php(51): Illuminate\\Foundation\\Http\\Kernel->handle()
#47 /home/jnv/Documents/MCA/Sem2/php_laravel/code/prep/exam/vendor/laravel/framework/src/Illuminate/Foundation/resources/server.php(16): require_once('...')
#48 {main}
"} 
[2026-04-30 07:36:17] local.ERROR: file_put_contents(C:\xampp\htdocs\Laravel10\storage\framework/sessions/2M2iqxLVgWNL3mfc7yxR8AX0s5dSWglNxfL7AHb5): Failed to open stream: No such file or directory {"exception":"[object] (ErrorException(code: 0): file_put_contents(C:\\xampp\\htdocs\\Laravel10\\storage\\framework/sessions/2M2iqxLVgWNL3mfc7yxR8AX0s5dSWglNxfL7AHb5): Failed to open stream: No such file or directory at /home/jnv/Documents/MCA/Sem2/php_laravel/code/prep/exam/vendor/laravel/framework/src/Illuminate/Filesystem/Filesystem.php:204)
[stacktrace]
#0 /home/jnv/Documents/MCA/Sem2/php_laravel/code/prep/exam/vendor/laravel/framework/src/Illuminate/Foundation/Bootstrap/HandleExceptions.php(289): Illuminate\\Foundation\\Bootstrap\\HandleExceptions->handleError()
#1 [internal function]: Illuminate\\Foundation\\Bootstrap\\HandleExceptions->Illuminate\\Foundation\\Bootstrap\\{closure}()
#2 /home/jnv/Documents/MCA/Sem2/php_laravel/code/prep/exam/vendor/laravel/framework/src/Illuminate/Filesystem/Filesystem.php(204): file_put_contents()
#3 /home/jnv/Documents/MCA/Sem2/php_laravel/code/prep/exam/vendor/laravel/framework/src/Illuminate/Session/FileSessionHandler.php(90): Illuminate\\Filesystem\\Filesystem->put()
#4 /home/jnv/Documents/MCA/Sem2/php_laravel/code/prep/exam/vendor/laravel/framework/src/Illuminate/Session/Store.php(172): Illuminate\\Session\\FileSessionHandler->write()
#5 /home/jnv/Documents/MCA/Sem2/php_laravel/code/prep/exam/vendor/laravel/framework/src/Illuminate/Session/Middleware/StartSession.php(245): Illuminate\\Session\\Store->save()
#6 /home/jnv/Documents/MCA/Sem2/php_laravel/code/prep/exam/vendor/laravel/framework/src/Illuminate/Session/Middleware/StartSession.php(130): Illuminate\\Session\\Middleware\\StartSession->saveSession()
#7 /home/jnv/Documents/MCA/Sem2/php_laravel/code/prep/exam/vendor/laravel/framework/src/Illuminate/Session/Middleware/StartSession.php(64): Illuminate\\Session\\Middleware\\StartSession->handleStatefulRequest()
#8 /home/jnv/Documents/MCA/Sem2/php_laravel/code/prep/exam/vendor/laravel/framework/src/Illuminate/Pipeline/Pipeline.php(183): Illuminate\\Session\\Middleware\\StartSession->handle()
#9 /home/jnv/Documents/MCA/Sem2/php_laravel/code/prep/exam/vendor/laravel/framework/src/Illuminate/Cookie/Middleware/AddQueuedCookiesToResponse.php(37): Illuminate\\Pipeline\\Pipeline->Illuminate\\Pipeline\\{closure}()
#10 /home/jnv/Documents/MCA/Sem2/php_laravel/code/prep/exam/vendor/laravel/framework/src/Illuminate/Pipeline/Pipeline.php(183): Illuminate\\Cookie\\Middleware\\AddQueuedCookiesToResponse->handle()
#11 /home/jnv/Documents/MCA/Sem2/php_laravel/code/prep/exam/vendor/laravel/framework/src/Illuminate/Cookie/Middleware/EncryptCookies.php(67): Illuminate\\Pipeline\\Pipeline->Illuminate\\Pipeline\\{closure}()
#12 /home/jnv/Documents/MCA/Sem2/php_laravel/code/prep/exam/vendor/laravel/framework/src/Illuminate/Pipeline/Pipeline.php(183): Illuminate\\Cookie\\Middleware\\EncryptCookies->handle()
#13 /home/jnv/Documents/MCA/Sem2/php_laravel/code/prep/exam/vendor/laravel/framework/src/Illuminate/Pipeline/Pipeline.php(119): Illuminate\\Pipeline\\Pipeline->Illuminate\\Pipeline\\{closure}()
#14 /home/jnv/Documents/MCA/Sem2/php_laravel/code/prep/exam/vendor/laravel/framework/src/Illuminate/Routing/Router.php(805): Illuminate\\Pipeline\\Pipeline->then()
#15 /home/jnv/Documents/MCA/Sem2/php_laravel/code/prep/exam/vendor/laravel/framework/src/Illuminate/Routing/Router.php(784): Illuminate\\Routing\\Router->runRouteWithinStack()
#16 /home/jnv/Documents/MCA/Sem2/php_laravel/code/prep/exam/vendor/laravel/framework/src/Illuminate/Routing/Router.php(748): Illuminate\\Routing\\Router->runRoute()
#17 /home/jnv/Documents/MCA/Sem2/php_laravel/code/prep/exam/vendor/laravel/framework/src/Illuminate/Routing/Router.php(737): Illuminate\\Routing\\Router->dispatchToRoute()
#18 /home/jnv/Documents/MCA/Sem2/php_laravel/code/prep/exam/vendor/laravel/framework/src/Illuminate/Foundation/Http/Kernel.php(200): Illuminate\\Routing\\Router->dispatch()
#19 /home/jnv/Documents/MCA/Sem2/php_laravel/code/prep/exam/vendor/laravel/framework/src/Illuminate/Pipeline/Pipeline.php(144): Illuminate\\Foundation\\Http\\Kernel->Illuminate\\Foundation\\Http\\{closure}()
#20 /home/jnv/Documents/MCA/Sem2/php_laravel/code/prep/exam/vendor/laravel/framework/src/Illuminate/Foundation/Http/Middleware/TransformsRequest.php(21): Illuminate\\Pipeline\\Pipeline->Illuminate\\Pipeline\\{closure}()
#21 /home/jnv/Documents/MCA/Sem2/php_laravel/code/prep/exam/vendor/laravel/framework/src/Illuminate/Foundation/Http/Middleware/ConvertEmptyStringsToNull.php(31): Illuminate\\Foundation\\Http\\Middleware\\TransformsRequest->handle()
#22 /home/jnv/Documents/MCA/Sem2/php_laravel/code/prep/exam/vendor/laravel/framework/src/Illuminate/Pipeline/Pipeline.php(183): Illuminate\\Foundation\\Http\\Middleware\\ConvertEmptyStringsToNull->handle()
#23 /home/jnv/Documents/MCA/Sem2/php_laravel/code/prep/exam/vendor/laravel/framework/src/Illuminate/Foundation/Http/Middleware/TransformsRequest.php(21): Illuminate\\Pipeline\\Pipeline->Illuminate\\Pipeline\\{closure}()
#24 /home/jnv/Documents/MCA/Sem2/php_laravel/code/prep/exam/vendor/laravel/framework/src/Illuminate/Foundation/Http/Middleware/TrimStrings.php(40): Illuminate\\Foundation\\Http\\Middleware\\TransformsRequest->handle()
#25 /home/jnv/Documents/MCA/Sem2/php_laravel/code/prep/exam/vendor/laravel/framework/src/Illuminate/Pipeline/Pipeline.php(183): Illuminate\\Foundation\\Http\\Middleware\\TrimStrings->handle()
#26 /home/jnv/Documents/MCA/Sem2/php_laravel/code/prep/exam/vendor/laravel/framework/src/Illuminate/Foundation/Http/Middleware/ValidatePostSize.php(27): Illuminate\\Pipeline\\Pipeline->Illuminate\\Pipeline\\{closure}()
#27 /home/jnv/Documents/MCA/Sem2/php_laravel/code/prep/exam/vendor/laravel/framework/src/Illuminate/Pipeline/Pipeline.php(183): Illuminate\\Foundation\\Http\\Middleware\\ValidatePostSize->handle()
#28 /home/jnv/Documents/MCA/Sem2/php_laravel/code/prep/exam/vendor/laravel/framework/src/Illuminate/Foundation/Http/Middleware/PreventRequestsDuringMaintenance.php(99): Illuminate\\Pipeline\\Pipeline->Illuminate\\Pipeline\\{closure}()
#29 /home/jnv/Documents/MCA/Sem2/php_laravel/code/prep/exam/vendor/laravel/framework/src/Illuminate/Pipeline/Pipeline.php(183): Illuminate\\Foundation\\Http\\Middleware\\PreventRequestsDuringMaintenance->handle()
#30 /home/jnv/Documents/MCA/Sem2/php_laravel/code/prep/exam/vendor/laravel/framework/src/Illuminate/Http/Middleware/HandleCors.php(49): Illuminate\\Pipeline\\Pipeline->Illuminate\\Pipeline\\{closure}()
#31 /home/jnv/Documents/MCA/Sem2/php_laravel/code/prep/exam/vendor/laravel/framework/src/Illuminate/Pipeline/Pipeline.php(183): Illuminate\\Http\\Middleware\\HandleCors->handle()
#32 /home/jnv/Documents/MCA/Sem2/php_laravel/code/prep/exam/vendor/laravel/framework/src/Illuminate/Http/Middleware/TrustProxies.php(39): Illuminate\\Pipeline\\Pipeline->Illuminate\\Pipeline\\{closure}()
#33 /home/jnv/Documents/MCA/Sem2/php_laravel/code/prep/exam/vendor/laravel/framework/src/Illuminate/Pipeline/Pipeline.php(183): Illuminate\\Http\\Middleware\\TrustProxies->handle()
#34 /home/jnv/Documents/MCA/Sem2/php_laravel/code/prep/exam/vendor/laravel/framework/src/Illuminate/Pipeline/Pipeline.php(119): Illuminate\\Pipeline\\Pipeline->Illuminate\\Pipeline\\{closure}()
#35 /home/jnv/Documents/MCA/Sem2/php_laravel/code/prep/exam/vendor/laravel/framework/src/Illuminate/Foundation/Http/Kernel.php(175): Illuminate\\Pipeline\\Pipeline->then()
#36 /home/jnv/Documents/MCA/Sem2/php_laravel/code/prep/exam/vendor/laravel/framework/src/Illuminate/Foundation/Http/Kernel.php(144): Illuminate\\Foundation\\Http\\Kernel->sendRequestThroughRouter()
#37 /home/jnv/Documents/MCA/Sem2/php_laravel/code/prep/exam/public/index.php(51): Illuminate\\Foundation\\Http\\Kernel->handle()
#38 /home/jnv/Documents/MCA/Sem2/php_laravel/code/prep/exam/vendor/laravel/framework/src/Illuminate/Foundation/resources/server.php(16): require_once('...')
#39 {main}
"} 
